prefill_chunk_size,kv_cache_size,batch_size,is_prefill,mean_ns,p50_ns,p90_ns,max_ns
32,0,1,True,2526,2506,2584,2688
64,0,1,True,4349,4347,4471,4509
96,0,1,True,3167,3156,3233,3265
128,0,1,True,3354,3326,3404,3711
128,0,1,True,3343,3317,3431,3521
160,0,1,True,6170,6177,6191,6342
192,0,1,True,6599,6572,6717,6746
224,0,1,True,7316,7307,7374,7451
256,0,1,True,7679,7674,7731,7803
288,0,1,True,12920,12905,12998,13061
320,0,1,True,13734,13685,13861,14002
352,0,1,True,14680,14668,14763,14766
384,0,1,True,15463,15447,15541,15561
416,0,1,True,22317,22309,22426,22498
448,0,1,True,23172,23173,23213,23242
480,0,1,True,25715,25700,25793,25840
512,0,1,True,26135,26126,26182,26282
544,0,1,True,36401,36387,36468,36586
576,0,1,True,39675,39668,39743,39775
608,0,1,True,39939,39927,40055,40123
640,0,1,True,39985,40003,40102,40134
672,0,1,True,51503,51499,51584,51606
704,0,1,True,53465,53446,53537,53559
736,0,1,True,56273,56271,56360,56377
768,0,1,True,54131,54118,54248,54326
800,0,1,True,72522,72507,72641,72684
832,0,1,True,71998,71999,72128,72170
864,0,1,True,201903,201730,202548,203665
896,0,1,True,208407,208382,208942,209176
928,0,1,True,248331,248356,248706,248922
960,0,1,True,254282,254212,254894,255458
992,0,1,True,260018,259918,260795,261084
1024,0,1,True,267750,267711,268350,268436
1024,0,1,True,267595,267483,267878,269011
1088,0,1,True,322909,322895,323201,323386
1152,0,1,True,337860,337848,338128,338265
1216,0,1,True,400308,394883,407212,490215
1280,0,1,True,425085,418006,452772,524192
1344,0,1,True,501400,485194,553671,622943
1408,0,1,True,522072,497009,654732,786583
1472,0,1,True,621256,575960,787862,968641
1536,0,1,True,652016,598415,884843,1187485
1600,0,1,True,756432,667650,1140231,1297186
1664,0,1,True,795112,688723,1096948,1663123
1728,0,1,True,875735,793454,1134325,1444943
1792,0,1,True,914909,811101,1233931,1803844
1856,0,1,True,1013832,891229,1347363,2057512
1920,0,1,True,1098382,922091,1701842,2053486
1984,0,1,True,1211057,1068238,1799658,1999581
2048,0,1,True,1234370,1040186,1980182,2442323
2112,0,1,True,1396281,1205056,2282498,2345060
2176,0,1,True,1445807,1218488,2703168,2730241
2240,0,1,True,1579258,1308642,3014995,3071766
2304,0,1,True,1603827,1340308,2999955,3077638
2368,0,1,True,1730859,1470826,2721933,2811815
2432,0,1,True,1832287,1481461,2846193,3199508
2496,0,1,True,1961811,1622064,3285461,3420281
2560,0,1,True,2024162,1689858,3213771,3355417
2624,0,1,True,2149257,1907051,3128899,3321651
2688,0,1,True,2193034,1973627,3746347,3822137
2752,0,1,True,2408102,2084053,3472157,3658353
2816,0,1,True,2497996,2121437,3328222,3522607
2880,0,1,True,2633602,2207831,3705622,3887960
2944,0,1,True,2696798,2228649,4255950,4371556
3008,0,1,True,2868590,2411004,4483032,4528166
3072,0,1,True,2928343,2465608,4489468,4652232
3136,0,1,True,3173390,2733102,4553718,4648788
3200,0,1,True,3272282,2884121,4664288,4997746
3264,0,1,True,3443592,2820473,5043394,5274793
3328,0,1,True,3522934,2787502,5337285,5373965
3392,0,1,True,3701921,2965800,5498957,5505989
3456,0,1,True,3755345,3112111,5431904,5487890
3520,0,1,True,3942491,3490961,5302627,5399878
3584,0,1,True,4037230,3718163,5155337,5422483
3648,0,1,True,4313473,4264832,5242417,5813756
3712,0,1,True,4389617,4361811,5653197,5727022
3776,0,1,True,4678515,4143515,5784581,5818170
3840,0,1,True,4768520,4273619,6068532,6117884
3904,0,1,True,4961724,4938254,6038662,6234473
3968,0,1,True,5088055,4276031,6190152,6339907
4032,0,1,True,5281456,4726724,6395779,6565048
4096,0,1,True,5353834,4871043,6497946,6614706
4096,0,1,True,5356917,4918925,6459623,6645512
4224,0,1,True,5679641,5564556,6865627,6991364
4352,0,1,True,6040884,5071438,7240240,7258706
4480,0,1,True,6387015,6419711,7056741,7275362
4608,0,1,True,6836812,6833135,7818358,7878926
4736,0,1,True,7262698,7960716,8101281,8139396
4864,0,1,True,7694932,8332981,8521072,8593536
4992,0,1,True,8148789,8573206,8854467,8886171
5120,0,1,True,8524859,8745776,9160098,9220266
5248,0,1,True,8963393,9271915,9493235,9546807
5376,0,1,True,9503109,9785948,9866066,9900906
5504,0,1,True,10021779,10179528,10235962,10428559
5632,0,1,True,10438011,10527643,10572586,10589623
5760,0,1,True,10830021,10913306,10986893,11065573
5888,0,1,True,11232562,11314725,11357258,11514178
6016,0,1,True,11689624,11730103,11990773,12387251
6144,0,1,True,12136890,12218650,12251582,12418741
6272,0,1,True,12821720,12927557,13333711,13609670
6400,0,1,True,13355269,13384606,13490862,14533403
6528,0,1,True,13909632,13786540,14564622,15333172
6656,0,1,True,14491090,14471452,15032249,15578037
6784,0,1,True,15044974,14869808,15736775,15991882
6912,0,1,True,15726766,15774462,16398832,16834257
7040,0,1,True,16310773,16371776,16814256,17093976
7168,0,1,True,16967915,17067461,17507140,17627897
7296,0,1,True,17561298,17640573,18094085,18371338
7424,0,1,True,18259203,18321828,19068841,19143977
7552,0,1,True,18892749,18869702,19489550,19622628
7680,0,1,True,19541314,19701957,20341008,20409041
7808,0,1,True,20117018,20443030,20886436,20940684
7936,0,1,True,20891522,20955465,21458032,21700957
8064,0,1,True,21581698,21661897,22153657,22208966
8192,0,1,True,22243013,22335828,22541421,22780967
0,32,1,False,1966,1918,2055,2095
0,64,1,False,1985,1984,2015,2023
0,96,1,False,1943,1922,2033,2109
0,128,1,False,1955,1940,2021,2062
0,160,1,False,2027,2017,2111,2129
0,192,1,False,1986,1973,2082,2121
0,224,1,False,1972,1936,2091,2121
0,256,1,False,2031,2016,2107,2139
0,288,1,False,2126,2118,2217,2243
0,320,1,False,2175,2157,2257,2279
0,352,1,False,2125,2091,2246,2270
0,384,1,False,2171,2151,2272,2315
0,416,1,False,2171,2144,2250,2325
0,448,1,False,2123,2090,2279,2317
0,480,1,False,2163,2136,2302,2323
0,512,1,False,2136,2133,2201,2237
0,544,1,False,2237,2223,2321,2467
0,576,1,False,2250,2217,2380,2392
0,608,1,False,2228,2222,2241,2462
0,640,1,False,2263,2213,2420,2456
0,672,1,False,2249,2235,2349,2451
0,704,1,False,2329,2297,2403,2548
0,736,1,False,2263,2241,2343,2417
0,768,1,False,2257,2208,2411,2419
0,800,1,False,2358,2306,2491,2510
0,832,1,False,2394,2380,2550,2578
0,864,1,False,2394,2346,2552,2578
0,896,1,False,2412,2398,2471,2595
0,928,1,False,2417,2382,2567,2650
0,960,1,False,2430,2392,2548,2633
0,992,1,False,2455,2426,2557,2576
0,1024,1,False,2377,2382,2437,2621
0,1024,1,False,2425,2426,2512,2695
0,1088,1,False,2579,2554,2717,2838
0,1152,1,False,2561,2570,2697,2733
0,1216,1,False,2653,2632,2764,2891
0,1280,1,False,2625,2583,2745,3027
0,1344,1,False,2802,2772,2891,3288
0,1408,1,False,2742,2731,2878,2881
0,1472,1,False,2842,2837,2938,3061
0,1536,1,False,2828,2807,2912,2995
0,1600,1,False,2988,2972,3066,3146
0,1664,1,False,2991,2977,3082,3098
0,1728,1,False,3068,3046,3255,3337
0,1792,1,False,3092,3076,3163,3220
0,1856,1,False,3277,3250,3455,3461
0,1920,1,False,3234,3213,3354,3385
0,1984,1,False,3335,3322,3473,3507
0,2048,1,False,3363,3371,3442,3550
0,2112,1,False,3502,3491,3557,3643
0,2176,1,False,3498,3476,3621,3626
0,2240,1,False,3569,3563,3647,3706
0,2304,1,False,3590,3581,3672,3791
0,2368,1,False,3759,3742,3847,3902
0,2432,1,False,3739,3703,3863,3990
0,2496,1,False,3856,3861,3923,3996
0,2560,1,False,3814,3820,3882,3894
0,2624,1,False,4030,4035,4086,4151
0,2688,1,False,4010,3997,4131,4225
0,2752,1,False,4076,4062,4155,4363
0,2816,1,False,4088,4082,4148,4277
0,2880,1,False,4260,4249,4362,4433
0,2944,1,False,4239,4231,4336,4365
0,3008,1,False,4388,4351,4791,4848
0,3072,1,False,4346,4333,4446,4482
0,3136,1,False,4499,4478,4648,4796
0,3200,1,False,4495,4481,4578,4631
0,3264,1,False,4577,4577,4635,4658
0,3328,1,False,4594,4583,4677,4695
0,3392,1,False,4740,4713,4863,4938
0,3456,1,False,4761,4760,4808,4833
0,3520,1,False,4830,4812,4933,4997
0,3584,1,False,4889,4847,5100,5348
0,3648,1,False,5032,5002,5158,5188
0,3712,1,False,5005,4991,5088,5167
0,3776,1,False,5083,5073,5172,5206
0,3840,1,False,5087,5067,5197,5306
0,3904,1,False,5237,5228,5305,5364
0,3968,1,False,5263,5240,5372,5508
0,4032,1,False,5308,5292,5412,5447
0,4096,1,False,5339,5333,5442,5452
0,4096,1,False,5362,5327,5462,5794
0,4352,1,False,5586,5567,5655,5812
0,4608,1,False,5845,5846,5917,5953
0,4864,1,False,6131,6113,6363,6550
0,5120,1,False,6349,6328,6442,6591
0,5376,1,False,6629,6611,6725,6776
0,5632,1,False,6849,6836,6920,6933
0,5888,1,False,7106,7097,7212,7232
0,6144,1,False,7360,7343,7468,7475
0,6400,1,False,7641,7606,7696,8203
0,6656,1,False,7845,7837,7925,7950
0,6912,1,False,8137,8108,8266,8656
0,7168,1,False,8307,8285,8416,8466
0,7424,1,False,8632,8582,8927,9031
0,7680,1,False,8882,8841,9117,9323
0,7936,1,False,9142,9102,9294,9714
0,32,2,False,2115,2072,2245,2279
0,64,2,False,2191,2180,2238,2272
0,96,2,False,2217,2227,2233,2265
0,128,2,False,2197,2181,2286,2336
0,160,2,False,2294,2286,2362,2381
0,192,2,False,2239,2229,2303,2357
0,224,2,False,2280,2254,2345,2408
0,256,2,False,2238,2209,2369,2376
0,288,2,False,2511,2484,2636,2722
0,320,2,False,2451,2396,2568,2606
0,352,2,False,2504,2487,2611,2725
0,384,2,False,2441,2380,2579,2668
0,416,2,False,2490,2460,2591,2725
0,448,2,False,2519,2523,2643,2665
0,480,2,False,2495,2471,2588,2738
0,512,2,False,2556,2508,2756,2897
0,544,2,False,2790,2778,2867,2936
0,576,2,False,2836,2803,2957,3127
0,608,2,False,2782,2756,2882,2887
0,640,2,False,2732,2703,2869,2900
0,672,2,False,2857,2830,2953,2986
0,704,2,False,2898,2880,3036,3092
0,736,2,False,2870,2866,2952,3007
0,768,2,False,2877,2866,2947,3004
0,800,2,False,3203,3182,3286,3377
0,832,2,False,3238,3207,3360,3618
0,864,2,False,3175,3157,3252,3305
0,896,2,False,3230,3220,3341,3434
0,928,2,False,3350,3348,3437,3489
0,960,2,False,3363,3338,3452,3558
0,992,2,False,3366,3337,3483,3542
0,1024,2,False,3362,3353,3435,3495
0,1024,2,False,3394,3376,3528,3842
0,1088,2,False,3680,3673,3775,3797
0,1152,2,False,3687,3672,3755,3848
0,1216,2,False,3860,3868,3902,3954
0,1280,2,False,3880,3866,3987,4036
0,1344,2,False,4186,4177,4266,4316
0,1408,2,False,4181,4146,4327,4500
0,1472,2,False,4390,4378,4536,4639
0,1536,2,False,4376,4362,4473,4746
0,1600,2,False,4710,4671,4823,5160
0,1664,2,False,4670,4648,4773,4826
0,1728,2,False,4868,4846,4965,5152
0,1792,2,False,4835,4828,4921,4933
0,1856,2,False,5226,5202,5421,5520
0,1920,2,False,5219,5187,5313,5676
0,1984,2,False,5350,5344,5415,5486
0,2048,2,False,5354,5377,5443,5485
0,2112,2,False,5686,5685,5734,5813
0,2176,2,False,5696,5685,5833,5857
0,2240,2,False,5881,5880,5940,5950
0,2304,2,False,5920,5916,6033,6119
0,2368,2,False,6213,6171,6340,6643
0,2432,2,False,6206,6179,6321,6651
0,2496,2,False,6398,6378,6501,6806
0,2560,2,False,6372,6360,6450,6478
0,2624,2,False,6725,6706,6846,6911
0,2688,2,False,6715,6711,6799,6812
0,2752,2,False,6871,6843,6966,7017
0,2816,2,False,6943,6896,7098,7402
0,2880,2,False,7235,7208,7368,7552
0,2944,2,False,7217,7192,7348,7637
0,3008,2,False,7412,7405,7516,7551
0,3072,2,False,7370,7352,7468,7553
0,3136,2,False,7710,7688,7793,7953
0,3200,2,False,7755,7735,7888,8022
0,3264,2,False,7912,7877,8011,8266
0,3328,2,False,7902,7881,8007,8042
0,3392,2,False,8201,8192,8307,8321
0,3456,2,False,8191,8188,8246,8357
0,3520,2,False,8380,8331,8487,8891
0,3584,2,False,8431,8392,8533,8883
0,3648,2,False,8682,8656,8767,8992
0,3712,2,False,8720,8719,8777,8816
0,3776,2,False,8875,8851,9025,9266
0,3840,2,False,8882,8857,8953,9346
0,3904,2,False,9215,9179,9330,9482
0,3968,2,False,9232,9210,9395,9491
0,4032,2,False,9418,9392,9617,9706
0,4096,2,False,9429,9428,9533,9594
0,4096,2,False,9429,9411,9496,9963
0,4352,2,False,9927,9922,10015,10134
0,4608,2,False,10419,10417,10483,10523
0,4864,2,False,10914,10892,11023,11222
0,5120,2,False,11431,11422,11557,11819
0,5376,2,False,11914,11888,12018,12344
0,5632,2,False,12483,12476,12545,12751
0,5888,2,False,12889,12886,12952,13084
0,6144,2,False,13431,13411,13537,13743
0,6400,2,False,13889,13876,14009,14181
0,6656,2,False,14547,14507,14687,14953
0,6912,2,False,14925,14911,15046,15064
0,7168,2,False,15645,15636,15717,15754
0,7424,2,False,16206,16158,16523,16695
0,7680,2,False,16665,16587,17013,17170
0,7936,2,False,17146,17112,17285,17488
0,32,4,False,2484,2466,2571,2610
0,64,4,False,2662,2662,2687,2821
0,96,4,False,2528,2512,2604,2620
0,128,4,False,2550,2553,2608,2632
0,160,4,False,2577,2591,2662,2678
0,192,4,False,2550,2522,2621,2713
0,224,4,False,2606,2553,2775,2877
0,256,4,False,2595,2603,2742,2779
0,288,4,False,3088,3071,3197,3231
0,320,4,False,3094,3085,3173,3180
0,352,4,False,3092,3080,3150,3182
0,384,4,False,3066,3068,3119,3217
0,416,4,False,3394,3383,3517,3540
0,448,4,False,3381,3381,3452,3533
0,480,4,False,3380,3382,3526,3532
0,512,4,False,3381,3360,3455,3552
0,544,4,False,4014,3991,4122,4141
0,576,4,False,4031,4027,4106,4155
0,608,4,False,4029,4034,4128,4190
0,640,4,False,4053,4012,4176,4596
0,672,4,False,4381,4346,4482,4675
0,704,4,False,4399,4382,4521,4587
0,736,4,False,4371,4370,4432,4482
0,768,4,False,4400,4405,4475,4506
0,800,4,False,5039,5033,5128,5188
0,832,4,False,5060,5050,5173,5508
0,864,4,False,5031,5022,5096,5192
0,896,4,False,5028,5030,5087,5178
0,928,4,False,5413,5393,5522,5812
0,960,4,False,5422,5407,5512,5877
0,992,4,False,5404,5392,5508,5787
0,1024,4,False,5393,5386,5498,5551
0,1024,4,False,5417,5382,5547,5922
0,1088,4,False,6037,6018,6121,6157
0,1152,4,False,6023,6007,6105,6160
0,1216,4,False,6374,6356,6466,6506
0,1280,4,False,6409,6397,6497,6521
0,1344,4,False,7037,7005,7135,7306
0,1408,4,False,7115,7100,7307,7471
0,1472,4,False,7422,7405,7506,7598
0,1536,4,False,7464,7432,7596,7859
0,1600,4,False,8085,8055,8196,8520
0,1664,4,False,8059,8036,8187,8261
0,1728,4,False,8411,8401,8535,8557
0,1792,4,False,8438,8431,8557,8676
0,1856,4,False,9077,9026,9313,9481
0,1920,4,False,9028,9014,9145,9190
0,1984,4,False,9458,9404,9752,9893
0,2048,4,False,9415,9404,9534,9541
0,2112,4,False,10085,10067,10158,10272
0,2176,4,False,10158,10137,10272,10652
0,2240,4,False,10487,10456,10576,10874
0,2304,4,False,10481,10438,10565,10945
0,2368,4,False,11118,11078,11242,11533
0,2432,4,False,11120,11120,11220,11241
0,2496,4,False,11455,11428,11566,11782
0,2560,4,False,11441,11418,11566,11795
0,2624,4,False,12068,12057,12151,12181
0,2688,4,False,12117,12077,12246,12546
0,2752,4,False,12484,12474,12587,12637
0,2816,4,False,12446,12421,12578,12769
0,2880,4,False,13104,13065,13210,13621
0,2944,4,False,13132,13087,13222,13606
0,3008,4,False,13457,13452,13577,13598
0,3072,4,False,13436,13403,13721,13822
0,3136,4,False,14162,14140,14253,14508
0,3200,4,False,14139,14103,14341,14568
0,3264,4,False,14451,14441,14576,14897
0,3328,4,False,14467,14426,14633,14928
0,3392,4,False,15141,15102,15273,15435
0,3456,4,False,15152,15135,15296,15351
0,3520,4,False,15642,15628,15788,15850
0,3584,4,False,15613,15599,15735,15787
0,3648,4,False,16333,16317,16407,16807
0,3712,4,False,16334,16304,16431,16576
0,3776,4,False,16657,16658,16741,16931
0,3840,4,False,16650,16622,16777,16862
0,3904,4,False,17283,17281,17352,17416
0,3968,4,False,17372,17342,17541,17757
0,4032,4,False,17689,17661,17787,18162
0,4096,4,False,17699,17670,17933,18075
0,4096,4,False,17743,17726,17882,18023
0,4352,4,False,18725,18697,18857,19122
0,4608,4,False,19707,19702,19782,19809
0,4864,4,False,20746,20724,20844,20928
0,5120,4,False,21687,21656,21793,22055
0,5376,4,False,22715,22663,23017,23243
0,5632,4,False,23687,23670,23791,23898
0,5888,4,False,24726,24710,24827,25020
0,6144,4,False,25673,25652,25787,25842
0,6400,4,False,26721,26681,26990,27111
0,6656,4,False,27802,27790,28004,28125
0,6912,4,False,28749,28706,29053,29150
0,7168,4,False,30071,30062,30182,30411
0,7424,4,False,31227,31208,31322,31516
0,7680,4,False,32003,31968,32242,32374
0,7936,4,False,33203,33200,33317,33427
0,32,8,False,2755,2739,2840,2848
0,64,8,False,2924,2888,3056,3103
0,96,8,False,2933,2882,3083,3179
0,128,8,False,3001,2976,3111,3243
0,160,8,False,3401,3385,3485,3592
0,192,8,False,3411,3388,3517,3631
0,224,8,False,3411,3392,3503,3643
0,256,8,False,3423,3400,3491,3542
0,288,8,False,4714,4680,4788,4963
0,320,8,False,4719,4715,4842,5110
0,352,8,False,4723,4725,4848,4883
0,384,8,False,4732,4716,4880,4968
0,416,8,False,5426,5396,5553,5582
0,448,8,False,5413,5406,5500,5521
0,480,8,False,5397,5376,5498,5581
0,512,8,False,5449,5442,5558,5578
0,544,8,False,6713,6721,6787,6863
0,576,8,False,6729,6701,6931,7056
0,608,8,False,6718,6711,6820,6852
0,640,8,False,6746,6732,6825,6971
0,672,8,False,7449,7442,7549,7558
0,704,8,False,7436,7427,7493,7520
0,736,8,False,7428,7423,7520,7577
0,768,8,False,7458,7455,7520,7568
0,800,8,False,8688,8662,8748,9177
0,832,8,False,8720,8700,8841,8938
0,864,8,False,8725,8708,8916,8942
0,896,8,False,8751,8723,8833,9188
0,928,8,False,9455,9431,9553,9808
0,960,8,False,9437,9416,9564,9810
0,992,8,False,9429,9417,9498,9556
0,1024,8,False,9426,9415,9528,9542
0,1024,8,False,9432,9415,9549,9657
0,1088,8,False,10788,10782,10854,10885
0,1152,8,False,10847,10820,10945,11128
0,1216,8,False,11454,11456,11523,11573
0,1280,8,False,11580,11528,11868,12036
0,1344,8,False,12887,12880,12961,13041
0,1408,8,False,12804,12795,12861,12973
0,1472,8,False,13501,13495,13619,13681
0,1536,8,False,13546,13505,13732,13888
0,1600,8,False,14868,14847,14936,15225
0,1664,8,False,14793,14776,14953,15136
0,1728,8,False,15754,15741,15817,16204
0,1792,8,False,15700,15650,15814,16203
0,1856,8,False,16996,16940,17352,17411
0,1920,8,False,17005,16985,17196,17331
0,1984,8,False,17710,17703,17840,17907
0,2048,8,False,17706,17690,17861,18112
0,2112,8,False,19075,19044,19157,19558
0,2176,8,False,18981,18979,19033,19273
0,2240,8,False,19692,19671,19876,20046
0,2304,8,False,19767,19727,20113,20192
0,2368,8,False,21035,21007,21198,21315
0,2432,8,False,21008,20984,21157,21517
0,2496,8,False,21767,21747,21904,22025
0,2560,8,False,21764,21722,21877,22225
0,2624,8,False,23111,23085,23273,23517
0,2688,8,False,23001,22977,23147,23199
0,2752,8,False,23755,23702,24116,24140
0,2816,8,False,23793,23743,24158,24282
0,2880,8,False,25034,25010,25128,25199
0,2944,8,False,25066,24996,25302,25612
0,3008,8,False,25776,25768,25858,26065
0,3072,8,False,25836,25817,26001,26078
0,3136,8,False,27061,27046,27141,27215
0,3200,8,False,27099,27057,27452,27556
0,3264,8,False,27777,27766,27867,28009
0,3328,8,False,27707,27678,27896,28089
0,3392,8,False,29165,29126,29357,29446
0,3456,8,False,29140,29088,29453,29528
0,3520,8,False,30224,30175,30562,30638
0,3584,8,False,30174,30131,30337,30493
0,3648,8,False,31399,31367,31616,31743
0,3712,8,False,31636,31616,31778,31992
0,3776,8,False,32339,32322,32404,32586
0,3840,8,False,32077,32071,32202,32259
0,3904,8,False,33458,33413,33847,33927
0,3968,8,False,33465,33444,33536,33897
0,4032,8,False,34136,34141,34207,34231
0,4096,8,False,34226,34198,34448,34549
0,4096,8,False,34093,34066,34228,34551
0,4352,8,False,36166,36125,36457,36595
0,4608,8,False,38266,38240,38513,38549
0,4864,8,False,40253,40218,40437,40760
0,5120,8,False,42426,42422,42530,42559
0,5376,8,False,44150,44113,44302,44566
0,5632,8,False,46204,46186,46367,46653
0,5888,8,False,78283,78215,78702,78986
0,6144,8,False,81602,81578,81853,82143
0,6400,8,False,83752,83747,83984,84077
0,6656,8,False,86798,86779,86991,87259
0,6912,8,False,90912,90981,91203,91251
0,7168,8,False,94478,94450,94672,95157
0,7424,8,False,96442,96427,96618,96978
0,7680,8,False,100659,100617,100941,101105
0,7936,8,False,103821,103808,104018,104037
0,32,16,False,3986,3928,4207,4258
0,64,16,False,4214,4207,4381,4501
0,96,16,False,4256,4232,4390,4538
0,128,16,False,4368,4396,4433,4520
0,160,16,False,5481,5461,5547,5923
0,192,16,False,5496,5481,5584,5697
0,224,16,False,5469,5466,5537,5606
0,256,16,False,5478,5467,5523,5808
0,288,16,False,8090,8079,8180,8222
0,320,16,False,8126,8123,8215,8251
0,352,16,False,8109,8096,8200,8261
0,384,16,False,8117,8102,8201,8326
0,416,16,False,9549,9533,9638,9804
0,448,16,False,9574,9542,9785,9917
0,480,16,False,9529,9520,9605,9626
0,512,16,False,9565,9553,9737,9936
0,544,16,False,12158,12141,12255,12342
0,576,16,False,12228,12196,12479,12575
0,608,16,False,12135,12133,12226,12316
0,640,16,False,12155,12141,12218,12558
0,672,16,False,13634,13615,13856,14084
0,704,16,False,13634,13643,13701,13761
0,736,16,False,13638,13595,13940,14033
0,768,16,False,13624,13621,13696,13852
0,800,16,False,16394,16336,16707,16840
0,832,16,False,16427,16398,16657,16895
0,864,16,False,16439,16408,16590,16910
0,896,16,False,16371,16352,16587,16666
0,928,16,False,17761,17722,17871,18240
0,960,16,False,17890,17845,18162,18482
0,992,16,False,17801,17770,18032,18128
0,1024,16,False,17802,17813,17886,17926
0,1024,16,False,17770,17747,17886,18053
0,1088,16,False,20498,20469,20726,20857
0,1152,16,False,20293,20274,20400,20578
0,1216,16,False,21865,21851,21947,22197
0,1280,16,False,21954,21948,22027,22232
0,1344,16,False,24387,24370,24504,24507
0,1408,16,False,24472,24436,24668,24822
0,1472,16,False,25919,25887,26062,26338
0,1536,16,False,25907,25861,26046,26285
0,1600,16,False,28492,28446,28783,28963
0,1664,16,False,28443,28407,28723,28968
0,1728,16,False,30302,30284,30483,30631
0,1792,16,False,30135,30091,30358,30510
0,1856,16,False,32829,32788,33013,33227
0,1920,16,False,32795,32777,32937,33097
0,1984,16,False,34146,34131,34347,34465
0,2048,16,False,34278,34242,34570,34659
0,2112,16,False,36878,36861,37063,37221
0,2176,16,False,36932,36903,37107,37197
0,2240,16,False,38190,38165,38461,38606
0,2304,16,False,38123,38083,38268,38442
0,2368,16,False,40864,40847,40983,41188
0,2432,16,False,40796,40743,41104,41202
0,2496,16,False,42220,42190,42546,42671
0,2560,16,False,42183,42143,42427,42660
0,2624,16,False,44816,44784,45002,45100
0,2688,16,False,45176,45172,45326,45538
0,2752,16,False,46274,46258,46385,46631
0,2816,16,False,46274,46242,46467,46586
0,2880,16,False,77805,77800,78048,78268
0,2944,16,False,78213,78154,78461,78576
0,3008,16,False,80800,80791,80974,81041
0,3072,16,False,80778,80767,80959,81251
0,3136,16,False,84767,84765,85012,85074
0,3200,16,False,84441,84443,84691,84831
0,3264,16,False,87496,87480,87836,87857
0,3328,16,False,87523,87541,87893,88237
0,3392,16,False,93162,93175,93473,93856
0,3456,16,False,92658,92668,92898,93053
0,3520,16,False,94406,94390,94730,95476
0,3584,16,False,95895,95862,96198,96566
0,3648,16,False,97794,97793,97987,98003
0,3712,16,False,98064,98001,98498,98622
0,3776,16,False,100626,100658,100947,101003
0,3840,16,False,100470,100436,100781,101146
0,3904,16,False,105204,105177,105462,105687
0,3968,16,False,104811,104791,105217,105257
0,4032,16,False,106873,106867,107056,107330
0,4096,16,False,106626,106603,106893,107016
0,4096,16,False,106801,106766,107067,107252
0,4352,16,False,114314,114341,114592,114766
0,4608,16,False,121938,121942,122139,122484
0,4864,16,False,128515,128503,128839,129183
0,5120,16,False,133520,133539,133851,134052
0,5376,16,False,140958,140997,141236,141560
0,5632,16,False,161534,161524,161810,162237
0,5888,16,False,168769,168693,169148,169162
0,6144,16,False,175388,175347,175731,175994
0,6400,16,False,157709,157635,158051,158962
0,6656,16,False,161026,161055,161488,161535
0,6912,16,False,171920,171898,172197,172607
0,7168,16,False,179545,179522,179953,180087
0,7424,16,False,181359,181318,181881,182098
0,7680,16,False,190233,190210,190722,192514
0,7936,16,False,192746,192696,193508,193902
0,32,32,False,6034,6006,6128,6153
0,64,32,False,6838,6823,6978,7061
0,96,32,False,6857,6830,6970,7267
0,128,32,False,6839,6851,6899,6922
0,160,32,False,9723,9716,9867,9993
0,192,32,False,9742,9724,9871,10006
0,224,32,False,9745,9717,9859,10033
0,256,32,False,9744,9718,9846,10216
0,288,32,False,14966,14925,15111,15563
0,320,32,False,14954,14941,15228,15277
0,352,32,False,14985,14947,15087,15432
0,384,32,False,14902,14897,14983,15148
0,416,32,False,17962,17915,18177,18302
0,448,32,False,17977,17928,18285,18331
0,480,32,False,17989,17977,18070,18301
0,512,32,False,17971,17937,18090,18429
0,544,32,False,23181,23172,23235,23290
0,576,32,False,23271,23277,23312,23371
0,608,32,False,23147,23131,23217,23503
0,640,32,False,23188,23133,23422,23511
0,672,32,False,26032,25998,26258,26392
0,704,32,False,26090,26075,26185,26424
0,736,32,False,26055,26022,26175,26301
0,768,32,False,26086,26067,26194,26558
0,800,32,False,31577,31547,31722,32013
0,832,32,False,31598,31569,31768,31860
0,864,32,False,31614,31586,31715,32025
0,896,32,False,31709,31670,31980,32106
0,928,32,False,34485,34428,34728,34930
0,960,32,False,34493,34476,34591,34741
0,992,32,False,34470,34456,34582,35022
0,1024,32,False,34509,34480,34609,34758
0,1024,32,False,34447,34446,34522,34676
0,1088,32,False,39812,39793,40026,40316
0,1152,32,False,39819,39800,39942,40000
0,1216,32,False,42555,42507,42733,42966
0,1280,32,False,42798,42766,42893,43272
0,1344,32,False,47640,47606,47797,47928
0,1408,32,False,47610,47598,47927,48053
0,1472,32,False,80652,80641,81136,81258
0,1536,32,False,81056,81096,81292,81500
0,1600,32,False,88012,88031,88277,88371
0,1664,32,False,88123,88113,88358,88471
0,1728,32,False,95001,94987,95223,95545
0,1792,32,False,94808,94807,95032,95488
0,1856,32,False,101440,101427,101703,101917
0,1920,32,False,101414,101402,101692,102101
0,1984,32,False,107961,108074,108484,108518
0,2048,32,False,106818,106824,107060,107186
0,2112,32,False,114151,114136,114308,114885
0,2176,32,False,114136,114129,114363,115043
0,2240,32,False,121287,121268,121506,121997
0,2304,32,False,120046,120007,120356,120586
0,2368,32,False,128070,128061,128650,128997
0,2432,32,False,128859,128838,129156,129236
0,2496,32,False,134205,134130,134529,134720
0,2560,32,False,134359,134307,134802,135096
0,2624,32,False,147517,147516,147890,148332
0,2688,32,False,147754,147714,148101,148393
0,2752,32,False,162796,162805,163218,163341
0,2816,32,False,163053,163038,163327,163682
0,2880,32,False,168791,168770,169207,169466
0,2944,32,False,168873,168878,169277,169322
0,3008,32,False,180408,180401,180824,180971
0,3072,32,False,181292,181302,181600,181735
0,3136,32,False,156539,156511,156932,157060
0,3200,32,False,156700,156732,157032,157353
0,3264,32,False,164582,164601,164897,164981
0,3328,32,False,164416,164403,164788,165770
0,3392,32,False,176635,176661,177228,177322
0,3456,32,False,175392,175397,175748,175847
0,3520,32,False,179122,179065,179538,179648
0,3584,32,False,180425,180453,180775,181039
0,3648,32,False,181451,181482,181792,181838
0,3712,32,False,183053,183005,183339,184221
0,3776,32,False,187963,187936,188526,188848
0,3840,32,False,187825,187828,188088,188283
0,3904,32,False,203196,203166,203848,204241
0,3968,32,False,203909,203794,205112,206507
0,4032,32,False,196931,196846,198111,198553
0,4096,32,False,197154,197018,197677,198826
0,4096,32,False,197300,197288,197648,197974
0,4352,32,False,213396,213337,213971,215573
0,4608,32,False,232452,232460,232798,232977
0,4864,32,False,249859,249789,250457,250581
0,5120,32,False,254387,254293,255023,255669
0,5376,32,False,258971,258908,259928,260611
0,5632,32,False,275823,275808,276587,277061
0,5888,32,False,288207,288261,288801,289067
0,6144,32,False,292545,292541,293165,293325
0,6400,32,False,310832,310822,311211,311630
0,6656,32,False,317800,317673,318488,319586
0,6912,32,False,348229,348085,349111,349677
0,7168,32,False,365997,365990,366493,367218
0,7424,32,False,363083,363088,363675,364463
0,7680,32,False,373661,373630,374333,374927
0,7936,32,False,386490,386459,386911,387636
