instance id,request id,model,input,output,arrival,end_time,latency,queuing_delay,TTFT,TPOT,ITL
0,0,meta-llama/Llama-3.2-1B-Instruct,1751,44,0,566135105,566135105,1,96432255,10923322,"[10916278, 10916614, 10916950, 10917286, 10917638, 10917974, 10918310, 10918662, 10918998, 10919318, 10919654, 10919990, 10920326, 10920662, 10920998, 10921334, 10921670, 10922022, 10922342, 10922678, 10923014, 10923350, 10923670, 10924006, 10924342, 10924662, 10924998, 10925334, 10925670, 10926006, 10926342, 10926662, 10926998, 10927318, 10927654, 10927990, 10928310, 10928646, 10928982, 10929302, 10929638, 10929958, 10930294]"
0,1,meta-llama/Llama-3.2-1B-Instruct,733,75,0,940353478,940353478,1,96432255,11404340,"[10916278, 10916614, 10916950, 10917286, 10917638, 10917974, 10918310, 10918662, 10918998, 10919318, 10919654, 10919990, 10920326, 10920662, 10920998, 10921334, 10921670, 10922022, 10922342, 10922678, 10923014, 10923350, 10923670, 10924006, 10924342, 10924662, 10924998, 10925334, 10925670, 10926006, 10926342, 10926662, 10926998, 10927318, 10927654, 10927990, 10928310, 10928646, 10928982, 10929302, 10929638, 10929958, 10930294, 48907345, 10837830, 10838230, 10838646, 10839046, 10839446, 10839862, 10840262, 10840678, 10841094, 10841494, 10841894, 10842310, 10842710, 10843110, 10843510, 10843910, 10844310, 10844710, 10845126, 10845526, 10845942, 10846342, 10846742, 10847142, 10847526, 10847926, 10848326, 10848726, 10849126, 10849526]"
0,2,meta-llama/Llama-3.2-1B-Instruct,1279,57,0,1231307513,1231307513,566135105,615042450,11004733,"[10837830, 10838230, 10838646, 10839046, 10839446, 10839862, 10840262, 10840678, 10841094, 10841494, 10841894, 10842310, 10842710, 10843110, 10843510, 10843910, 10844310, 10844710, 10845126, 10845526, 10845942, 10846342, 10846742, 10847142, 10847526, 10847926, 10848326, 10848726, 10849126, 10849526, 20591309, 10811926, 10812150, 10812358, 10812582, 10812790, 10812998, 10813222, 10813430, 10813654, 10813878, 10814086, 10814310, 10814518, 10814742, 10814934, 10815158, 10815366, 10815574, 10815798, 10816006, 10816230, 10816438, 10816646, 10816870, 10817062]"
0,3,meta-llama/Llama-3.2-1B-Instruct,508,58,0,1588138280,1588138280,940353478,960944787,11003394,"[10811926, 10812150, 10812358, 10812582, 10812790, 10812998, 10813222, 10813430, 10813654, 10813878, 10814086, 10814310, 10814518, 10814742, 10814934, 10815158, 10815366, 10815574, 10815798, 10816006, 10816230, 10816438, 10816646, 10816870, 10817062, 24323765, 10720886, 10721238, 10721590, 10721926, 10722278, 10722630, 10722966, 10723318, 10723654, 10724006, 10724342, 10724694, 10725030, 10725366, 10725718, 10726054, 10726390, 10726742, 10727078, 10727414, 10727750, 10728086, 10728422, 10728758, 10729094, 10729430, 10729766, 10730102, 10730422, 10730758, 10731094]"
0,4,meta-llama/Llama-3.2-1B-Instruct,606,49,0,1791369004,1791369004,1231307513,1255631278,11161202,"[10720886, 10721238, 10721590, 10721926, 10722278, 10722630, 10722966, 10723318, 10723654, 10724006, 10724342, 10724694, 10725030, 10725366, 10725718, 10726054, 10726390, 10726742, 10727078, 10727414, 10727750, 10728086, 10728422, 10728758, 10729094, 10729430, 10729766, 10730102, 10730422, 10730758, 10731094, 30879204, 10769942, 10770214, 10770486, 10770758, 10771030, 10771302, 10771574, 10771830, 10772102, 10772374, 10772646, 10772918, 10773190, 10773446, 10773718, 10773990]"
0,5,meta-llama/Llama-3.2-1B-Instruct,822,79,0,2481348522,2481348522,1588138280,1619017484,11055526,"[10769942, 10770214, 10770486, 10770758, 10771030, 10771302, 10771574, 10771830, 10772102, 10772374, 10772646, 10772918, 10773190, 10773446, 10773718, 10773990, 30977952, 10796294, 10796534, 10796774, 10797014, 10797254, 10797494, 10797734, 10797958, 10798198, 10798438, 10798678, 10798918, 10799142, 10799382, 10799622, 10799862, 10800086, 10800326, 10800550, 10800790, 10801030, 10801254, 10801494, 10801718, 10801958, 10802182, 10802422, 10802646, 10802886, 10803110, 10803350, 10803574, 10803814, 10804038, 10804262, 10804502, 10804726, 10804950, 10805190, 10805414, 10805638, 10805878, 10806102, 10806326, 10806550, 10806774, 10807014, 10807238, 10807462, 10807686, 10807910, 10808134, 10808358, 10808582, 10808806, 10809030, 10809254, 10809478, 10809702, 10809926, 10810150]"
0,6,meta-llama/Llama-3.2-1B-Instruct,826,69,0,2610948326,2610948326,1791369004,1822346956,11597078,"[10796294, 10796534, 10796774, 10797014, 10797254, 10797494, 10797734, 10797958, 10798198, 10798438, 10798678, 10798918, 10799142, 10799382, 10799622, 10799862, 10800086, 10800326, 10800550, 10800790, 10801030, 10801254, 10801494, 10801718, 10801958, 10802182, 10802422, 10802646, 10802886, 10803110, 10803350, 10803574, 10803814, 10804038, 10804262, 10804502, 10804726, 10804950, 10805190, 10805414, 10805638, 10805878, 10806102, 10806326, 10806550, 10806774, 10807014, 10807238, 10807462, 10807686, 10807910, 10808134, 10808358, 10808582, 10808806, 10809030, 10809254, 10809478, 10809702, 10809926, 10810150, 63977816, 10936182, 10936518, 10936838, 10937158, 10937478, 10937814]"
0,8,meta-llama/Llama-3.2-1B-Instruct,1536,39,0,3087764083,3087764083,2610948326,2668380863,11036400,"[11031670, 11031926, 11032182, 11032438, 11032694, 11032950, 11033222, 11033478, 11033734, 11033990, 11034246, 11034502, 11034758, 11035014, 11035270, 11035510, 11035766, 11036022, 11036278, 11036534, 11036790, 11037046, 11037302, 11037558, 11037814, 11038054, 11038310, 11038566, 11038822, 11039078, 11039334, 11039574, 11039830, 11040086, 11040342, 11040598, 11040838, 11041094]"
0,9,meta-llama/Llama-3.2-1B-Instruct,708,42,0,3563675749,3563675749,3087764083,3115945599,10920247,"[10913494, 10913830, 10914166, 10914518, 10914854, 10915206, 10915542, 10915878, 10916214, 10916550, 10916886, 10917222, 10917574, 10917910, 10918246, 10918598, 10918934, 10919254, 10919590, 10919926, 10920262, 10920598, 10920934, 10921270, 10921606, 10921958, 10922278, 10922614, 10922950, 10923286, 10923606, 10923942, 10924278, 10924598, 10924934, 10925286, 10925606, 10925942, 10926278, 10926598, 10926934]"
0,7,meta-llama/Llama-3.2-1B-Instruct,1714,142,0,4195603821,4195603821,2481348522,2545326338,11704095,"[10936182, 10936518, 10936838, 10937158, 10937478, 10937814, 57432537, 11031670, 11031926, 11032182, 11032438, 11032694, 11032950, 11033222, 11033478, 11033734, 11033990, 11034246, 11034502, 11034758, 11035014, 11035270, 11035510, 11035766, 11036022, 11036278, 11036534, 11036790, 11037046, 11037302, 11037558, 11037814, 11038054, 11038310, 11038566, 11038822, 11039078, 11039334, 11039574, 11039830, 11040086, 11040342, 11040598, 11040838, 11041094, 28181516, 10913494, 10913830, 10914166, 10914518, 10914854, 10915206, 10915542, 10915878, 10916214, 10916550, 10916886, 10917222, 10917574, 10917910, 10918246, 10918598, 10918934, 10919254, 10919590, 10919926, 10920262, 10920598, 10920934, 10921270, 10921606, 10921958, 10922278, 10922614, 10922950, 10923286, 10923606, 10923942, 10924278, 10924598, 10924934, 10925286, 10925606, 10925942, 10926278, 10926598, 10926934, 48497162, 11000998, 11001286, 11001558, 11001830, 11002102, 11002390, 11002662, 11002934, 11003206, 11003478, 11003766, 11004038, 11004326, 11004598, 11004870, 11005142, 11005414, 11005702, 11005974, 11006246, 11006518, 11006790, 11007062, 11007334, 11007606, 11007878, 11008150, 11008422, 11008694, 11008966, 11009238, 11009510, 11009782, 11010054, 11010326, 11010582, 11010870, 11011142, 11011414, 11011686, 11011958, 11012230, 11012486, 11012758, 11013030, 11013302, 11013574, 11013830, 11014102, 11014374, 11014646, 11014902, 11015174]"
0,10,meta-llama/Llama-3.2-1B-Instruct,1230,78,0,4473306148,4473306148,3563675749,3612172911,11183548,"[11000998, 11001286, 11001558, 11001830, 11002102, 11002390, 11002662, 11002934, 11003206, 11003478, 11003766, 11004038, 11004326, 11004598, 11004870, 11005142, 11005414, 11005702, 11005974, 11006246, 11006518, 11006790, 11007062, 11007334, 11007606, 11007878, 11008150, 11008422, 11008694, 11008966, 11009238, 11009510, 11009782, 11010054, 11010326, 11010582, 11010870, 11011142, 11011414, 11011686, 11011958, 11012230, 11012486, 11012758, 11013030, 11013302, 11013574, 11013830, 11014102, 11014374, 11014646, 11014902, 11015174, 28478365, 10833350, 10833558, 10833750, 10833942, 10834118, 10834326, 10834518, 10834710, 10834902, 10835110, 10835302, 10835494, 10835670, 10835862, 10836070, 10836470, 10836886, 10837286, 10837718, 10838118, 10838534, 10838934, 10839334]"
0,11,meta-llama/Llama-3.2-1B-Instruct,737,51,0,4820109508,4820109508,4195603821,4224082186,11920546,"[10833350, 10833558, 10833750, 10833942, 10834118, 10834326, 10834518, 10834710, 10834902, 10835110, 10835302, 10835494, 10835670, 10835862, 10836070, 10836470, 10836886, 10837286, 10837718, 10838118, 10838534, 10838934, 10839334, 63085684, 10907910, 10908278, 10908614, 10908966, 10909302, 10909654, 10909990, 10910342, 10910678, 10911014, 10911366, 10911702, 10912070, 10912406, 10912742, 10913078, 10913430, 10913766, 10914102, 10914438, 10914790, 10915126, 10915462, 10915814, 10916150, 10916486]"
0,12,meta-llama/Llama-3.2-1B-Instruct,1673,61,0,5221685580,5221685580,4473306148,4536391832,11421562,"[10907910, 10908278, 10908614, 10908966, 10909302, 10909654, 10909990, 10910342, 10910678, 10911014, 10911366, 10911702, 10912070, 10912406, 10912742, 10913078, 10913430, 10913766, 10914102, 10914438, 10914790, 10915126, 10915462, 10915814, 10916150, 10916486, 39782626, 10958566, 10958870, 10959174, 10959494, 10959798, 10960102, 10960406, 10960710, 10961014, 10961318, 10961622, 10961926, 10962230, 10962534, 10962838, 10963142, 10963446, 10963750, 10964054, 10964342, 10964662, 10964966, 10965270, 10965574, 10965878, 10966166, 10966470, 10966774, 10967078, 10967366, 10967670, 10967974, 10968262]"
0,14,meta-llama/Llama-3.2-1B-Instruct,764,40,0,5672407907,5672407907,5221685580,5250440841,10819668,"[10815670, 10815878, 10816102, 10816310, 10816518, 10816726, 10816934, 10817158, 10817366, 10817590, 10817782, 10817990, 10818214, 10818422, 10818630, 10818854, 10819046, 10819254, 10819478, 10819686, 10819894, 10820102, 10820310, 10820518, 10820726, 10820934, 10821142, 10821350, 10821542, 10821766, 10821974, 10822182, 10822390, 10822598, 10822790, 10822998, 10823206, 10823414, 10823622]"
0,13,meta-llama/Llama-3.2-1B-Instruct,1042,101,0,5991221690,5991221690,4820109508,4859892134,11313295,"[10958566, 10958870, 10959174, 10959494, 10959798, 10960102, 10960406, 10960710, 10961014, 10961318, 10961622, 10961926, 10962230, 10962534, 10962838, 10963142, 10963446, 10963750, 10964054, 10964342, 10964662, 10964966, 10965270, 10965574, 10965878, 10966166, 10966470, 10966774, 10967078, 10967366, 10967670, 10967974, 10968262, 28755261, 10815670, 10815878, 10816102, 10816310, 10816518, 10816726, 10816934, 10817158, 10817366, 10817590, 10817782, 10817990, 10818214, 10818422, 10818630, 10818854, 10819046, 10819254, 10819478, 10819686, 10819894, 10820102, 10820310, 10820518, 10820726, 10820934, 10821142, 10821350, 10821542, 10821766, 10821974, 10822182, 10822390, 10822598, 10822790, 10822998, 10823206, 10823414, 10823622, 36843211, 10839974, 10840374, 10840790, 10841190, 10841590, 10842006, 10842406, 10842806, 10843222, 10843622, 10844022, 10844422, 10844822, 10845222, 10845622, 10846038, 10846438, 10846854, 10847254, 10847654, 10848054, 10848438, 10848838, 10849238, 10849638, 10850038]"
0,15,meta-llama/Llama-3.2-1B-Instruct,947,83,0,6604229411,6604229411,5672407907,5709251118,10914369,"[10839974, 10840374, 10840790, 10841190, 10841590, 10842006, 10842406, 10842806, 10843222, 10843622, 10844022, 10844422, 10844822, 10845222, 10845622, 10846038, 10846438, 10846854, 10847254, 10847654, 10848054, 10848438, 10848838, 10849238, 10849638, 10850038, 20265039, 10769958, 10770230, 10770502, 10770774, 10771046, 10771302, 10771574, 10771846, 10772118, 10772390, 10772662, 10772918, 10773190, 10773462, 10773718, 10774006, 10774278, 10774534, 10774806, 10775078, 10775334, 10775606, 10775862, 10776134, 10776390, 10776646, 10776918, 10777174, 10777446, 10777702, 10777958, 10778246, 10778502, 10778758, 10779014, 10779286, 10779542, 10779798, 10780054, 10780310, 10780566, 10780838, 10781094, 10781350, 10781606, 10781862, 10782118, 10782390, 10782646, 10782902, 10783158, 10783398, 10783638, 10783894, 10784150]"
0,16,meta-llama/Llama-3.2-1B-Instruct,490,74,0,6804011417,6804011417,5991221690,6011486729,10856502,"[10769958, 10770230, 10770502, 10770774, 10771046, 10771302, 10771574, 10771846, 10772118, 10772390, 10772662, 10772918, 10773190, 10773462, 10773718, 10774006, 10774278, 10774534, 10774806, 10775078, 10775334, 10775606, 10775862, 10776134, 10776390, 10776646, 10776918, 10777174, 10777446, 10777702, 10777958, 10778246, 10778502, 10778758, 10779014, 10779286, 10779542, 10779798, 10780054, 10780310, 10780566, 10780838, 10781094, 10781350, 10781606, 10781862, 10782118, 10782390, 10782646, 10782902, 10783158, 10783398, 10783638, 10783894, 10784150, 18019856, 10690262, 10690470, 10690678, 10690886, 10691094, 10691286, 10691494, 10691686, 10691894, 10692102, 10692310, 10692502, 10692694, 10692902, 10693094, 10693302, 10693494]"
0,17,meta-llama/Llama-3.2-1B-Instruct,387,62,0,7278662282,7278662282,6604229411,6622249267,10760869,"[10690262, 10690470, 10690678, 10690886, 10691094, 10691286, 10691494, 10691686, 10691894, 10692102, 10692310, 10692502, 10692694, 10692902, 10693094, 10693302, 10693494, 16053599, 10659270, 10659558, 10659846, 10660118, 10660406, 10660694, 10660966, 10661254, 10661526, 10661814, 10662086, 10662374, 10662646, 10662918, 10663190, 10663478, 10663750, 10664022, 10664294, 10664566, 10664854, 10665126, 10665382, 10665654, 10665926, 10666198, 10666454, 10666726, 10666982, 10667254, 10667510, 10667782, 10668038, 10668294, 10668566, 10668822, 10669078, 10669334, 10669590, 10669846, 10670102, 10670358, 10670614]"
0,18,meta-llama/Llama-3.2-1B-Instruct,271,72,0,7585409165,7585409165,6804011417,6820065016,10779495,"[10659270, 10659558, 10659846, 10660118, 10660406, 10660694, 10660966, 10661254, 10661526, 10661814, 10662086, 10662374, 10662646, 10662918, 10663190, 10663478, 10663750, 10664022, 10664294, 10664566, 10664854, 10665126, 10665382, 10665654, 10665926, 10666198, 10666454, 10666726, 10666982, 10667254, 10667510, 10667782, 10668038, 10668294, 10668566, 10668822, 10669078, 10669334, 10669590, 10669846, 10670102, 10670358, 10670614, 18715057, 10664390, 10664662, 10664934, 10665206, 10665462, 10665734, 10666006, 10666278, 10666534, 10666822, 10667078, 10667350, 10667606, 10667878, 10668134, 10668390, 10668662, 10668918, 10669174, 10669430, 10669686, 10669942, 10670198, 10670454, 10670710, 10670966, 10671222]"
0,19,meta-llama/Llama-3.2-1B-Instruct,398,72,0,8078622101,8078622101,7278662282,7297377339,11003447,"[10664390, 10664662, 10664934, 10665206, 10665462, 10665734, 10666006, 10666278, 10666534, 10666822, 10667078, 10667350, 10667606, 10667878, 10668134, 10668390, 10668662, 10668918, 10669174, 10669430, 10669686, 10669942, 10670198, 10670454, 10670710, 10670966, 10671222, 31082278, 10740726, 10741046, 10741350, 10741670, 10742006, 10742310, 10742630, 10742934, 10743254, 10743558, 10743862, 10744182, 10744486, 10744790, 10745110, 10745414, 10745718, 10746022, 10746342, 10746646, 10746966, 10747270, 10747574, 10747878, 10748182, 10748486, 10748774, 10749078, 10749382, 10749686, 10749990, 10750310, 10750598, 10750902, 10751206, 10751494, 10751798, 10752102, 10752390, 10752694, 10752982, 10753286, 10753574]"
0,20,meta-llama/Llama-3.2-1B-Instruct,838,95,0,8658338338,8658338338,7585409165,7616491443,11083477,"[10740726, 10741046, 10741350, 10741670, 10742006, 10742310, 10742630, 10742934, 10743254, 10743558, 10743862, 10744182, 10744486, 10744790, 10745110, 10745414, 10745718, 10746022, 10746342, 10746646, 10746966, 10747270, 10747574, 10747878, 10748182, 10748486, 10748774, 10749078, 10749382, 10749686, 10749990, 10750310, 10750598, 10750902, 10751206, 10751494, 10751798, 10752102, 10752390, 10752694, 10752982, 10753286, 10753574, 38303201, 10823318, 10823526, 10823718, 10823926, 10824134, 10824342, 10824550, 10824742, 10824950, 10825158, 10825366, 10825558, 10825750, 10825958, 10826166, 10826374, 10826582, 10826774, 10826966, 10827174, 10827382, 10827590, 10827766, 10827974, 10828182, 10828390, 10828582, 10828774, 10828982, 10829174, 10829382, 10829590, 10829782, 10829974, 10830166, 10830374, 10830582, 10830774, 10830966, 10831158, 10831366, 10831558, 10831766, 10831942, 10832150, 10832342, 10832550, 10832742, 10832918, 10833126]"
0,21,meta-llama/Llama-3.2-1B-Instruct,1027,108,0,9279496913,9279496913,8078622101,8116925302,10865155,"[10823318, 10823526, 10823718, 10823926, 10824134, 10824342, 10824550, 10824742, 10824950, 10825158, 10825366, 10825558, 10825750, 10825958, 10826166, 10826374, 10826582, 10826774, 10826966, 10827174, 10827382, 10827590, 10827766, 10827974, 10828182, 10828390, 10828582, 10828774, 10828982, 10829174, 10829382, 10829590, 10829782, 10829974, 10830166, 10830374, 10830582, 10830774, 10830966, 10831158, 10831366, 10831558, 10831766, 10831942, 10832150, 10832342, 10832550, 10832742, 10832918, 10833126, 17723759, 10768342, 10768614, 10768886, 10769158, 10769430, 10769702, 10769958, 10770230, 10770502, 10770758, 10771030, 10771302, 10771574, 10771846, 10772118, 10772358, 10772630, 10772902, 10773158, 10773430, 10773702, 10773958, 10774230, 10774486, 10774742, 10775014, 10775270, 10775542, 10775798, 10776054, 10776326, 10776582, 10776838, 10777094, 10777350, 10777622, 10777878, 10778134, 10778390, 10778662, 10778918, 10779158, 10779414, 10779670, 10779926, 10780198, 10780454, 10780710, 10780966, 10781206, 10781462, 10781718, 10781974, 10782230, 10782486, 10782726]"
0,22,meta-llama/Llama-3.2-1B-Instruct,379,59,0,9321323261,9321323261,8658338338,8676062097,11125192,"[10768342, 10768614, 10768886, 10769158, 10769430, 10769702, 10769958, 10770230, 10770502, 10770758, 10771030, 10771302, 10771574, 10771846, 10772118, 10772358, 10772630, 10772902, 10773158, 10773430, 10773702, 10773958, 10774230, 10774486, 10774742, 10775014, 10775270, 10775542, 10775798, 10776054, 10776326, 10776582, 10776838, 10777094, 10777350, 10777622, 10777878, 10778134, 10778390, 10778662, 10778918, 10779158, 10779414, 10779670, 10779926, 10780198, 10780454, 10780710, 10780966, 10781206, 10781462, 10781718, 10781974, 10782230, 10782486, 10782726, 31084022, 10742326]"
0,24,meta-llama/Llama-3.2-1B-Instruct,854,43,0,9806514537,9806514537,9321323261,9352721661,10804592,"[10799862, 10800086, 10800326, 10800550, 10800790, 10801030, 10801254, 10801494, 10801718, 10801958, 10802182, 10802422, 10802646, 10802886, 10803110, 10803350, 10803574, 10803814, 10804038, 10804262, 10804502, 10804726, 10804950, 10805190, 10805414, 10805638, 10805878, 10806102, 10806326, 10806550, 10806774, 10807014, 10807238, 10807462, 10807686, 10807910, 10808134, 10808358, 10808582, 10808806, 10809030, 10809254]"
0,23,meta-llama/Llama-3.2-1B-Instruct,838,96,0,10377411203,10377411203,9279496913,9310580935,11229792,"[10742326, 31398400, 10799862, 10800086, 10800326, 10800550, 10800790, 10801030, 10801254, 10801494, 10801718, 10801958, 10802182, 10802422, 10802646, 10802886, 10803110, 10803350, 10803574, 10803814, 10804038, 10804262, 10804502, 10804726, 10804950, 10805190, 10805414, 10805638, 10805878, 10806102, 10806326, 10806550, 10806774, 10807014, 10807238, 10807462, 10807686, 10807910, 10808134, 10808358, 10808582, 10808806, 10809030, 10809254, 30673070, 10798806, 10799030, 10799270, 10799510, 10799750, 10799974, 10800214, 10800438, 10800678, 10800918, 10801142, 10801382, 10801606, 10801846, 10802070, 10802310, 10802534, 10802774, 10802998, 10803238, 10803462, 10803702, 10803926, 10804150, 10804390, 10804614, 10804838, 10805078, 10805302, 10805526, 10805766, 10805990, 10806214, 10806438, 10806662, 10806902, 10807126, 10807350, 10807574, 10807798, 10808022, 10808246, 10808470, 10808694, 10808918, 10809142, 10809366, 10809590, 10809814, 10810038]"
0,25,meta-llama/Llama-3.2-1B-Instruct,803,55,0,10446763998,10446763998,9806514537,9837187607,11288451,"[10798806, 10799030, 10799270, 10799510, 10799750, 10799974, 10800214, 10800438, 10800678, 10800918, 10801142, 10801382, 10801606, 10801846, 10802070, 10802310, 10802534, 10802774, 10802998, 10803238, 10803462, 10803702, 10803926, 10804150, 10804390, 10804614, 10804838, 10805078, 10805302, 10805526, 10805766, 10805990, 10806214, 10806438, 10806662, 10806902, 10807126, 10807350, 10807574, 10807798, 10808022, 10808246, 10808470, 10808694, 10808918, 10809142, 10809366, 10809590, 10809814, 10810038, 36914137, 10812662, 10812886, 10813110]"
0,27,meta-llama/Llama-3.2-1B-Instruct,639,53,0,11032923321,11032923321,10446763998,10471651345,10793691,"[10787446, 10787702, 10787958, 10788198, 10788454, 10788694, 10788950, 10789190, 10789430, 10789686, 10789926, 10790182, 10790422, 10790662, 10790918, 10791158, 10791414, 10791670, 10791910, 10792150, 10792390, 10792630, 10792886, 10793126, 10793366, 10793606, 10793846, 10794086, 10794326, 10794566, 10794806, 10795046, 10795286, 10795526, 10795766, 10796006, 10796246, 10796486, 10796726, 10796966, 10797206, 10797430, 10797686, 10797926, 10798166, 10798406, 10798630, 10798870, 10799110, 10799350, 10799574, 10799814]"
0,26,meta-llama/Llama-3.2-1B-Instruct,954,58,0,11060616099,11060616099,10377411203,10414325340,11338434,"[10812662, 10812886, 10813110, 24887347, 10787446, 10787702, 10787958, 10788198, 10788454, 10788694, 10788950, 10789190, 10789430, 10789686, 10789926, 10790182, 10790422, 10790662, 10790918, 10791158, 10791414, 10791670, 10791910, 10792150, 10792390, 10792630, 10792886, 10793126, 10793366, 10793606, 10793846, 10794086, 10794326, 10794566, 10794806, 10795046, 10795286, 10795526, 10795766, 10796006, 10796246, 10796486, 10796726, 10796966, 10797206, 10797430, 10797686, 10797926, 10798166, 10798406, 10798630, 10798870, 10799110, 10799350, 10799574, 10799814, 27692778]"
0,28,meta-llama/Llama-3.2-1B-Instruct,689,12,0,11200185921,11200185921,11032923321,11060616099,12688165,"[31712002, 10784646, 10784902, 10785158, 10785398, 10785654, 10785910, 10786166, 10786406, 10786662, 10786918]"
0,29,meta-llama/Llama-3.2-1B-Instruct,882,45,0,11610399121,11610399121,11060616099,11092328101,11774341,"[10784646, 10784902, 10785158, 10785398, 10785654, 10785910, 10786166, 10786406, 10786662, 10786918, 51223706, 10872502, 10872886, 10873254, 10873622, 10874006, 10874374, 10874758, 10875126, 10875494, 10875878, 10876246, 10876614, 10876998, 10877382, 10877750, 10878118, 10878486, 10878854, 10879222, 10879590, 10879974, 10880342, 10880710, 10881078, 10881446, 10881814, 10882182, 10882534, 10882902, 10883286, 10883654, 10884022, 10884390]"
0,30,meta-llama/Llama-3.2-1B-Instruct,1340,62,0,11934605575,11934605575,11200185921,11251409627,11199933,"[10872502, 10872886, 10873254, 10873622, 10874006, 10874374, 10874758, 10875126, 10875494, 10875878, 10876246, 10876614, 10876998, 10877382, 10877750, 10878118, 10878486, 10878854, 10879222, 10879590, 10879974, 10880342, 10880710, 10881078, 10881446, 10881814, 10882182, 10882534, 10882902, 10883286, 10883654, 10884022, 10884390, 30811124, 10861510, 10861894, 10862278, 10862662, 10863046, 10863430, 10863814, 10864198, 10864582, 10864966, 10865366, 10865750, 10866134, 10866502, 10866886, 10867270, 10867654, 10868022, 10868406, 10868790, 10869174, 10869542, 10869926, 10870310, 10870694, 10871078, 10871446]"
0,31,meta-llama/Llama-3.2-1B-Instruct,802,63,0,12320582831,12320582831,11610399121,11641210245,10957622,"[10861510, 10861894, 10862278, 10862662, 10863046, 10863430, 10863814, 10864198, 10864582, 10864966, 10865366, 10865750, 10866134, 10866502, 10866886, 10867270, 10867654, 10868022, 10868406, 10868790, 10869174, 10869542, 10869926, 10870310, 10870694, 10871078, 10871446, 20306252, 10750134, 10750438, 10750726, 10751030, 10751350, 10751638, 10751942, 10752246, 10752534, 10752838, 10753126, 10753430, 10753718, 10754022, 10754310, 10754598, 10754902, 10755190, 10755478, 10755782, 10756070, 10756374, 10756662, 10756966, 10757254, 10757542, 10757830, 10758118, 10758406, 10758694, 10758982, 10759270, 10759558, 10759846]"
0,32,meta-llama/Llama-3.2-1B-Instruct,495,42,0,12422739961,12422739961,11934605575,11954911827,11410442,"[10750134, 10750438, 10750726, 10751030, 10751350, 10751638, 10751942, 10752246, 10752534, 10752838, 10753126, 10753430, 10753718, 10754022, 10754310, 10754598, 10754902, 10755190, 10755478, 10755782, 10756070, 10756374, 10756662, 10756966, 10757254, 10757542, 10757830, 10758118, 10758406, 10758694, 10758982, 10759270, 10759558, 10759846, 37486758, 10777734, 10777990, 10778278, 10778534, 10778790, 10779046]"
0,34,meta-llama/Llama-3.2-1B-Instruct,523,41,0,12876540747,12876540747,12422739961,12445231179,10782739,"[10777718, 10777974, 10778246, 10778502, 10778758, 10779014, 10779286, 10779542, 10779798, 10780070, 10780326, 10780582, 10780854, 10781110, 10781366, 10781622, 10781878, 10782134, 10782390, 10782646, 10782902, 10783158, 10783398, 10783654, 10783910, 10784166, 10784422, 10784678, 10784918, 10785174, 10785430, 10785670, 10785910, 10786166, 10786422, 10786662, 10786918, 10787142, 10787398, 10787654]"
0,33,meta-llama/Llama-3.2-1B-Instruct,993,67,0,13102668485,13102668485,12320582831,12358069589,11281801,"[10777734, 10777990, 10778278, 10778534, 10778790, 10779046, 22491218, 10777718, 10777974, 10778246, 10778502, 10778758, 10779014, 10779286, 10779542, 10779798, 10780070, 10780326, 10780582, 10780854, 10781110, 10781366, 10781622, 10781878, 10782134, 10782390, 10782646, 10782902, 10783158, 10783398, 10783654, 10783910, 10784166, 10784422, 10784678, 10784918, 10785174, 10785430, 10785670, 10785910, 10786166, 10786422, 10786662, 10786918, 10787142, 10787398, 10787654, 31320270, 10820886, 10821094, 10821286, 10821494, 10821702, 10821910, 10822134, 10822342, 10822534, 10822742, 10822950, 10823158, 10823366, 10823558, 10823766, 10823974, 10824182, 10824390]"
0,36,meta-llama/Llama-3.2-1B-Instruct,1138,39,0,13555984940,13555984940,13102668485,13144196632,10836534,"[10832358, 10832534, 10832742, 10832934, 10833142, 10833334, 10833526, 10833718, 10833910, 10834102, 10834310, 10834502, 10834694, 10834870, 10835078, 10835270, 10835462, 10835654, 10835862, 10836038, 10836230, 10836422, 10836614, 10836822, 10837222, 10837638, 10838038, 10838454, 10838854, 10839270, 10839670, 10840070, 10840486, 10840886, 10841286, 10841702, 10842102, 10842502]"
0,35,meta-llama/Llama-3.2-1B-Instruct,846,63,0,13675849419,13675849419,12876540747,12907861017,12386909,"[10820886, 10821094, 10821286, 10821494, 10821702, 10821910, 10822134, 10822342, 10822534, 10822742, 10822950, 10823158, 10823366, 10823558, 10823766, 10823974, 10824182, 10824390, 41528147, 10832358, 10832534, 10832742, 10832934, 10833142, 10833334, 10833526, 10833718, 10833910, 10834102, 10834310, 10834502, 10834694, 10834870, 10835078, 10835270, 10835462, 10835654, 10835862, 10836038, 10836230, 10836422, 10836614, 10836822, 10837222, 10837638, 10838038, 10838454, 10838854, 10839270, 10839670, 10840070, 10840486, 10840886, 10841286, 10841702, 10842102, 10842502, 75916791, 10986486, 10986774, 10987062, 10987366]"
0,37,meta-llama/Llama-3.2-1B-Instruct,2033,57,0,14263852034,14263852034,13555984940,13631901731,11284826,"[10986486, 10986774, 10987062, 10987366, 28590789, 10961382, 10961686, 10961990, 10962294, 10962598, 10962902, 10963190, 10963494, 10963814, 10964118, 10964422, 10964726, 10965014, 10965318, 10965606, 10965910, 10966198, 10966502, 10966806, 10967094, 10967398, 10967702, 10967990, 10968294, 10968598, 10968886, 10969190, 10969478, 10969766, 10970070, 10970358, 10970662, 10970950, 10971254, 10971542, 10971846, 10972134, 10972422, 10972726, 10973014, 10973318, 10973606, 10973894, 10974182, 10974470, 10974774, 10975062, 10975350, 10975654, 10975942, 10976230]"
0,38,meta-llama/Llama-3.2-1B-Instruct,731,70,0,14478895780,14478895780,13675849419,13704440208,11223993,"[10961382, 10961686, 10961990, 10962294, 10962598, 10962902, 10963190, 10963494, 10963814, 10964118, 10964422, 10964726, 10965014, 10965318, 10965606, 10965910, 10966198, 10966502, 10966806, 10967094, 10967398, 10967702, 10967990, 10968294, 10968598, 10968886, 10969190, 10969478, 10969766, 10970070, 10970358, 10970662, 10970950, 10971254, 10971542, 10971846, 10972134, 10972422, 10972726, 10973014, 10973318, 10973606, 10973894, 10974182, 10974470, 10974774, 10975062, 10975350, 10975654, 10975942, 10976230, 31512748, 10794022, 10794262, 10794502, 10794742, 10794982, 10795222, 10795462, 10795702, 10795942, 10796182, 10796422, 10796662, 10796902, 10797142, 10797382, 10797622, 10797846]"
0,39,meta-llama/Llama-3.2-1B-Instruct,863,47,0,14837704381,14837704381,14263852034,14295364782,11789991,"[10794022, 10794262, 10794502, 10794742, 10794982, 10795222, 10795462, 10795702, 10795942, 10796182, 10796422, 10796662, 10796902, 10797142, 10797382, 10797622, 10797846, 53984497, 10881638, 10882022, 10882374, 10882742, 10883110, 10883478, 10883846, 10884214, 10884582, 10884934, 10885302, 10885670, 10886038, 10886390, 10886758, 10887126, 10887510, 10887862, 10888230, 10888582, 10888950, 10889318, 10889670, 10890038, 10890390, 10890758, 10891110, 10891462]"
0,40,meta-llama/Llama-3.2-1B-Instruct,1401,55,0,15150453122,15150453122,14478895780,14532880277,11436534,"[10881638, 10882022, 10882374, 10882742, 10883110, 10883478, 10883846, 10884214, 10884582, 10884934, 10885302, 10885670, 10886038, 10886390, 10886758, 10887126, 10887510, 10887862, 10888230, 10888582, 10888950, 10889318, 10889670, 10890038, 10890390, 10890758, 10891110, 10891462, 39749679, 10915926, 10916262, 10916598, 10916934, 10917270, 10917606, 10917942, 10918278, 10918614, 10918966, 10919302, 10919638, 10919974, 10920310, 10920630, 10920966, 10921302, 10921638, 10921974, 10922310, 10922646, 10922998, 10923334, 10923654, 10923990]"
0,41,meta-llama/Llama-3.2-1B-Instruct,1044,60,0,15585695107,15585695107,14837704381,14877454060,12004085,"[10915926, 10916262, 10916598, 10916934, 10917270, 10917606, 10917942, 10918278, 10918614, 10918966, 10919302, 10919638, 10919974, 10920310, 10920630, 10920966, 10921302, 10921638, 10921974, 10922310, 10922646, 10922998, 10923334, 10923654, 10923990, 72463387, 10988758, 10989046, 10989334, 10989606, 10989894, 10990182, 10990470, 10990742, 10991030, 10991318, 10991590, 10991894, 10992182, 10992454, 10992742, 10993014, 10993302, 10993590, 10993862, 10994150, 10994422, 10994710, 10994982, 10995270, 10995542, 10995830, 10996102, 10996390, 10996678, 10996966, 10997238, 10997510, 10997798]"
0,42,meta-llama/Llama-3.2-1B-Instruct,1879,72,0,16022677869,16022677869,15150453122,15222916509,11264244,"[10988758, 10989046, 10989334, 10989606, 10989894, 10990182, 10990470, 10990742, 10991030, 10991318, 10991590, 10991894, 10992182, 10992454, 10992742, 10993014, 10993302, 10993590, 10993862, 10994150, 10994422, 10994710, 10994982, 10995270, 10995542, 10995830, 10996102, 10996390, 10996678, 10996966, 10997238, 10997510, 10997798, 31342076, 10957782, 10958086, 10958390, 10958694, 10959014, 10959318, 10959622, 10959926, 10960230, 10960534, 10960838, 10961142, 10961446, 10961750, 10962054, 10962358, 10962678, 10962982, 10963286, 10963574, 10963878, 10964182, 10964486, 10964790, 10965094, 10965382, 10965686, 10965990, 10966310, 10966598, 10966902, 10967206, 10967494, 10967798, 10968102, 10968390, 10968694]"
0,43,meta-llama/Llama-3.2-1B-Instruct,830,63,0,16304728176,16304728176,15585695107,15617037183,11091790,"[10957782, 10958086, 10958390, 10958694, 10959014, 10959318, 10959622, 10959926, 10960230, 10960534, 10960838, 10961142, 10961446, 10961750, 10962054, 10962358, 10962678, 10962982, 10963286, 10963574, 10963878, 10964182, 10964486, 10964790, 10965094, 10965382, 10965686, 10965990, 10966310, 10966598, 10966902, 10967206, 10967494, 10967798, 10968102, 10968390, 10968694, 23607299, 10765270, 10765558, 10765830, 10766118, 10766406, 10766678, 10766950, 10767238, 10767510, 10767782, 10768054, 10768326, 10768598, 10768886, 10769158, 10769430, 10769702, 10769974, 10770246, 10770518, 10770790, 10771062, 10771334, 10771590]"
0,44,meta-llama/Llama-3.2-1B-Instruct,561,43,0,16529268942,16529268942,16022677869,16046285168,11499613,"[10765270, 10765558, 10765830, 10766118, 10766406, 10766678, 10766950, 10767238, 10767510, 10767782, 10768054, 10768326, 10768598, 10768886, 10769158, 10769430, 10769702, 10769974, 10770246, 10770518, 10770790, 10771062, 10771334, 10771590, 40930536, 10798758, 10798982, 10799222, 10799446, 10799686, 10799926, 10800134, 10800374, 10800598, 10800838, 10801062, 10801302, 10801526, 10801750, 10801974, 10802214, 10802438]"
0,46,meta-llama/Llama-3.2-1B-Instruct,884,37,0,16951249461,16951249461,16529268942,16561102397,10837418,"[10833222, 10833414, 10833606, 10833814, 10834006, 10834182, 10834390, 10834582, 10834774, 10834966, 10835174, 10835350, 10835542, 10835734, 10835942, 10836134, 10836326, 10836502, 10836694, 10836902, 10837302, 10837718, 10838118, 10838534, 10838934, 10839350, 10839750, 10840150, 10840566, 10840982, 10841382, 10841798, 10842198, 10842598, 10843014, 10843414]"
0,45,meta-llama/Llama-3.2-1B-Instruct,1109,63,0,17054357960,17054357960,16304728176,16345658712,11430633,"[10798758, 10798982, 10799222, 10799446, 10799686, 10799926, 10800134, 10800374, 10800598, 10800838, 10801062, 10801302, 10801526, 10801750, 10801974, 10802214, 10802438, 31833455, 10833222, 10833414, 10833606, 10833814, 10834006, 10834182, 10834390, 10834582, 10834774, 10834966, 10835174, 10835350, 10835542, 10835734, 10835942, 10836134, 10836326, 10836502, 10836694, 10836902, 10837302, 10837718, 10838118, 10838534, 10838934, 10839350, 10839750, 10840150, 10840566, 10840982, 10841382, 10841798, 10842198, 10842598, 10843014, 10843414, 27413433, 10812934, 10813142, 10813366, 10813590, 10813798, 10814022, 10814214]"
0,47,meta-llama/Llama-3.2-1B-Instruct,656,43,0,17451186583,17451186583,16951249461,16978662894,11250564,"[10812934, 10813142, 10813366, 10813590, 10813798, 10814022, 10814214, 30514707, 10769494, 10769766, 10770038, 10770310, 10770582, 10770854, 10771126, 10771398, 10771670, 10771926, 10772198, 10772470, 10772742, 10773014, 10773286, 10773542, 10773814, 10774086, 10774342, 10774614, 10774902, 10775158, 10775430, 10775702, 10775958, 10776230, 10776486, 10776758, 10777014, 10777270, 10777542, 10777798, 10778070, 10778326]"
0,48,meta-llama/Llama-3.2-1B-Instruct,793,56,0,17685285661,17685285661,17054357960,17084872667,10916599,"[10769494, 10769766, 10770038, 10770310, 10770582, 10770854, 10771126, 10771398, 10771670, 10771926, 10772198, 10772470, 10772742, 10773014, 10773286, 10773542, 10773814, 10774086, 10774342, 10774614, 10774902, 10775158, 10775430, 10775702, 10775958, 10776230, 10776486, 10776758, 10777014, 10777270, 10777542, 10777798, 10778070, 10778326, 19268606, 10738518, 10738822, 10739158, 10739478, 10739798, 10740118, 10740422, 10740742, 10741062, 10741366, 10741686, 10742006, 10742310, 10742630, 10742934, 10743270, 10743574, 10743878, 10744198, 10744502]"
0,49,meta-llama/Llama-3.2-1B-Instruct,422,67,0,18185888320,18185888320,17451186583,17470455189,10839895,"[10738518, 10738822, 10739158, 10739478, 10739798, 10740118, 10740422, 10740742, 10741062, 10741366, 10741686, 10742006, 10742310, 10742630, 10742934, 10743270, 10743574, 10743878, 10744198, 10744502, 19545365, 10685494, 10685718, 10685942, 10686150, 10686374, 10686582, 10686806, 10687014, 10687238, 10687446, 10687670, 10687878, 10688086, 10688310, 10688518, 10688726, 10688934, 10689158, 10689366, 10689574, 10689782, 10689990, 10690198, 10690406, 10690614, 10690822, 10691030, 10691238, 10691446, 10691654, 10691862, 10692054, 10692262, 10692470, 10692678, 10692870, 10693078, 10693286, 10693478, 10693686, 10693878, 10694086, 10694278, 10694486, 10694678]"
0,50,meta-llama/Llama-3.2-1B-Instruct,442,49,0,18257437490,18257437490,17685285661,17704831026,11512634,"[10685494, 10685718, 10685942, 10686150, 10686374, 10686582, 10686806, 10687014, 10687238, 10687446, 10687670, 10687878, 10688086, 10688310, 10688518, 10688726, 10688934, 10689158, 10689366, 10689574, 10689782, 10689990, 10690198, 10690406, 10690614, 10690822, 10691030, 10691238, 10691446, 10691654, 10691862, 10692054, 10692262, 10692470, 10692678, 10692870, 10693078, 10693286, 10693478, 10693686, 10693878, 10694086, 10694278, 10694486, 10694678, 49933478, 10807734, 10807958]"
0,51,meta-llama/Llama-3.2-1B-Instruct,1292,50,0,18779542675,18779542675,18185888320,18235821798,11096344,"[10807734, 10807958, 24217885, 10818982, 10819206, 10819414, 10819622, 10819830, 10820038, 10820246, 10820454, 10820678, 10820870, 10821078, 10821286, 10821494, 10821702, 10821910, 10822118, 10822326, 10822534, 10822726, 10822934, 10823142, 10823350, 10823558, 10823766, 10823958, 10824166, 10824374, 10824566, 10824774, 10824982, 10825190, 10825382, 10825590, 10825798, 10826006, 10826198, 10826390, 10826598, 10826806, 10826998, 10827206, 10827414, 10827606, 10827814, 10828022, 10828198]"
0,53,meta-llama/Llama-3.2-1B-Instruct,249,69,0,19521644482,19521644482,18779542675,18794620522,10691528,"[10684582, 10684806, 10685030, 10685238, 10685462, 10685670, 10685894, 10686102, 10686326, 10686518, 10686742, 10686950, 10687158, 10687382, 10687590, 10687798, 10688006, 10688230, 10688438, 10688646, 10688838, 10689046, 10689254, 10689462, 10689670, 10689878, 10690086, 10690294, 10690502, 10690710, 10690902, 10691094, 10691302, 10691510, 10691718, 10691910, 10692118, 10692326, 10692518, 10692726, 10692918, 10693110, 10693302, 10693510, 10693702, 10693910, 10694102, 10694310, 10694502, 10694694, 10694902, 10695094, 10695270, 10695462, 10695654, 10695862, 10696054, 10696246, 10696438, 10696630, 10696822, 10697014, 10697190, 10697382, 10697574, 10697766, 10697958, 10698150]"
0,52,meta-llama/Llama-3.2-1B-Instruct,588,136,0,19753413358,19753413358,18257437490,18281655375,10901910,"[10818982, 10819206, 10819414, 10819622, 10819830, 10820038, 10820246, 10820454, 10820678, 10820870, 10821078, 10821286, 10821494, 10821702, 10821910, 10822118, 10822326, 10822534, 10822726, 10822934, 10823142, 10823350, 10823558, 10823766, 10823958, 10824166, 10824374, 10824566, 10824774, 10824982, 10825190, 10825382, 10825590, 10825798, 10826006, 10826198, 10826390, 10826598, 10826806, 10826998, 10827206, 10827414, 10827606, 10827814, 10828022, 10828198, 15077847, 10684582, 10684806, 10685030, 10685238, 10685462, 10685670, 10685894, 10686102, 10686326, 10686518, 10686742, 10686950, 10687158, 10687382, 10687590, 10687798, 10688006, 10688230, 10688438, 10688646, 10688838, 10689046, 10689254, 10689462, 10689670, 10689878, 10690086, 10690294, 10690502, 10690710, 10690902, 10691094, 10691302, 10691510, 10691718, 10691910, 10692118, 10692326, 10692518, 10692726, 10692918, 10693110, 10693302, 10693510, 10693702, 10693910, 10694102, 10694310, 10694502, 10694694, 10694902, 10695094, 10695270, 10695462, 10695654, 10695862, 10696054, 10696246, 10696438, 10696630, 10696822, 10697014, 10697190, 10697382, 10697574, 10697766, 10697958, 10698150, 27342538, 10756678, 10756966, 10757254, 10757558, 10757846, 10758134, 10758422, 10758710, 10758998, 10759286, 10759574, 10759862, 10760150, 10760438, 10760726, 10761014, 10761286, 10761574, 10761862]"
0,54,meta-llama/Llama-3.2-1B-Instruct,661,59,0,20213091065,20213091065,19521644482,19548987020,11450069,"[10756678, 10756966, 10757254, 10757558, 10757846, 10758134, 10758422, 10758710, 10758998, 10759286, 10759574, 10759862, 10760150, 10760438, 10760726, 10761014, 10761286, 10761574, 10761862, 48263895, 10822918, 10823126, 10823334, 10823542, 10823750, 10823958, 10824166, 10824358, 10824550, 10824758, 10824966, 10825174, 10825382, 10825590, 10825782, 10825974, 10826182, 10826390, 10826582, 10826790, 10826998, 10827206, 10827398, 10827590, 10827798, 10827990, 10828198, 10828406, 10828598, 10828806, 10828998, 10829190, 10829398, 10829590, 10829798, 10829990, 10830198, 10830390]"
0,56,meta-llama/Llama-3.2-1B-Instruct,572,50,0,20767102838,20767102838,20213091065,20236911232,10820236,"[10815190, 10815414, 10815622, 10815830, 10816054, 10816262, 10816470, 10816678, 10816886, 10817110, 10817318, 10817526, 10817750, 10817958, 10818166, 10818374, 10818582, 10818790, 10818998, 10819222, 10819430, 10819638, 10819846, 10820054, 10820246, 10820454, 10820678, 10820886, 10821094, 10821302, 10821510, 10821718, 10821926, 10822118, 10822326, 10822534, 10822742, 10822950, 10823158, 10823366, 10823574, 10823782, 10823958, 10824166, 10824374, 10824582, 10824790, 10824998, 10825206]"
0,55,meta-llama/Llama-3.2-1B-Instruct,1236,92,0,20803883407,20803883407,19753413358,19801677253,11013254,"[10822918, 10823126, 10823334, 10823542, 10823750, 10823958, 10824166, 10824358, 10824550, 10824758, 10824966, 10825174, 10825382, 10825590, 10825782, 10825974, 10826182, 10826390, 10826582, 10826790, 10826998, 10827206, 10827398, 10827590, 10827798, 10827990, 10828198, 10828406, 10828598, 10828806, 10828998, 10829190, 10829398, 10829590, 10829798, 10829990, 10830198, 10830390, 23820167, 10815190, 10815414, 10815622, 10815830, 10816054, 10816262, 10816470, 10816678, 10816886, 10817110, 10817318, 10817526, 10817750, 10817958, 10818166, 10818374, 10818582, 10818790, 10818998, 10819222, 10819430, 10819638, 10819846, 10820054, 10820246, 10820454, 10820678, 10820886, 10821094, 10821302, 10821510, 10821718, 10821926, 10822118, 10822326, 10822534, 10822742, 10822950, 10823158, 10823366, 10823574, 10823782, 10823958, 10824166, 10824374, 10824582, 10824790, 10824998, 10825206, 15215917, 10782198, 10782454]"
0,57,meta-llama/Llama-3.2-1B-Instruct,245,47,0,21291185481,21291185481,20767102838,20782318755,11062320,"[10782198, 10782454, 27470536, 10689542, 10689750, 10689958, 10690166, 10690374, 10690582, 10690790, 10690982, 10691190, 10691398, 10691606, 10691782, 10691990, 10692198, 10692390, 10692598, 10692790, 10692998, 10693190, 10693398, 10693590, 10693798, 10693990, 10694198, 10694374, 10694566, 10694774, 10694966, 10695158, 10695350, 10695542, 10695750, 10695942, 10696134, 10696326, 10696518, 10696694, 10696886, 10697078, 10697270, 10697462, 10697654, 10697846]"
0,58,meta-llama/Llama-3.2-1B-Instruct,685,64,0,21523898157,21523898157,20803883407,20831353943,10992765,"[10689542, 10689750, 10689958, 10690166, 10690374, 10690582, 10690790, 10690982, 10691190, 10691398, 10691606, 10691782, 10691990, 10692198, 10692390, 10692598, 10692790, 10692998, 10693190, 10693398, 10693590, 10693798, 10693990, 10694198, 10694374, 10694566, 10694774, 10694966, 10695158, 10695350, 10695542, 10695750, 10695942, 10696134, 10696326, 10696518, 10696694, 10696886, 10697078, 10697270, 10697462, 10697654, 10697846, 28061730, 10768646, 10768918, 10769190, 10769478, 10769750, 10770022, 10770294, 10770566, 10770838, 10771110, 10771382, 10771654, 10771926, 10772182, 10772454, 10772726, 10772998, 10773270, 10773542]"
0,59,meta-llama/Llama-3.2-1B-Instruct,719,62,0,21988341750,21988341750,21291185481,21319247211,10968762,"[10768646, 10768918, 10769190, 10769478, 10769750, 10770022, 10770294, 10770566, 10770838, 10771110, 10771382, 10771654, 10771926, 10772182, 10772454, 10772726, 10772998, 10773270, 10773542, 23578099, 10746806, 10747110, 10747430, 10747734, 10748038, 10748342, 10748646, 10748950, 10749238, 10749542, 10749846, 10750150, 10750454, 10750758, 10751046, 10751350, 10751654, 10751942, 10752246, 10752550, 10752838, 10753142, 10753430, 10753734, 10754022, 10754342, 10754630, 10754918, 10755222, 10755510, 10755798, 10756102, 10756390, 10756678, 10756966, 10757270, 10757558, 10757846, 10758134, 10758422, 10758710]"
0,60,meta-llama/Llama-3.2-1B-Instruct,561,47,0,22058106024,22058106024,21523898157,21547476256,11100647,"[10746806, 10747110, 10747430, 10747734, 10748038, 10748342, 10748646, 10748950, 10749238, 10749542, 10749846, 10750150, 10750454, 10750758, 10751046, 10751350, 10751654, 10751942, 10752246, 10752550, 10752838, 10753142, 10753430, 10753734, 10754022, 10754342, 10754630, 10754918, 10755222, 10755510, 10755798, 10756102, 10756390, 10756678, 10756966, 10757270, 10757558, 10757846, 10758134, 10758422, 10758710, 26802714, 10739910, 10740230, 10740550, 10740870]"
0,62,meta-llama/Llama-3.2-1B-Instruct,427,36,0,22452480665,22452480665,22058106024,22077400535,10716575,"[10710454, 10710822, 10711174, 10711542, 10711910, 10712278, 10712646, 10712998, 10713366, 10713734, 10714102, 10714454, 10714822, 10715174, 10715542, 10715894, 10716246, 10716614, 10716966, 10717318, 10717670, 10718022, 10718374, 10718726, 10719078, 10719430, 10719798, 10720150, 10720502, 10720854, 10721206, 10721542, 10721894, 10722246, 10722582]"
0,61,meta-llama/Llama-3.2-1B-Instruct,652,48,0,22548297507,22548297507,21988341750,22015144464,11343681,"[10739910, 10740230, 10740550, 10740870, 19294511, 10710454, 10710822, 10711174, 10711542, 10711910, 10712278, 10712646, 10712998, 10713366, 10713734, 10714102, 10714454, 10714822, 10715174, 10715542, 10715894, 10716246, 10716614, 10716966, 10717318, 10717670, 10718022, 10718374, 10718726, 10719078, 10719430, 10719798, 10720150, 10720502, 10720854, 10721206, 10721542, 10721894, 10722246, 10722582, 31136934, 10779334, 10779590, 10779862, 10780118, 10780374, 10780630]"
0,63,meta-llama/Llama-3.2-1B-Instruct,838,29,0,22788175724,22788175724,22452480665,22483617599,10877075,"[10779334, 10779590, 10779862, 10780118, 10780374, 10780630, 14929835, 10708166, 10708534, 10708902, 10709270, 10709638, 10710006, 10710374, 10710742, 10711110, 10711478, 10711846, 10712198, 10712566, 10712918, 10713302, 10713654, 10714022, 10714374, 10714742, 10715094, 10715446]"
0,64,meta-llama/Llama-3.2-1B-Instruct,231,27,0,22854468349,22854468349,22548297507,22563227342,11201577,"[10708166, 10708534, 10708902, 10709270, 10709638, 10710006, 10710374, 10710742, 10711110, 10711478, 10711846, 10712198, 10712566, 10712918, 10713302, 10713654, 10714022, 10714374, 10714742, 10715094, 10715446, 23577369, 10678470, 10678694, 10678934, 10679158]"
0,66,meta-llama/Llama-3.2-1B-Instruct,488,24,0,23120979643,23120979643,22854468349,22874606417,10711879,"[10707830, 10708198, 10708566, 10708934, 10709318, 10709686, 10710054, 10710438, 10710806, 10711174, 10711526, 10711894, 10712262, 10712630, 10712998, 10713350, 10713718, 10714070, 10714438, 10714790, 10715158, 10715510, 10715878]"
0,65,meta-llama/Llama-3.2-1B-Instruct,576,77,0,23646836284,23646836284,22788175724,22811753093,10987936,"[10678470, 10678694, 10678934, 10679158, 20138068, 10707830, 10708198, 10708566, 10708934, 10709318, 10709686, 10710054, 10710438, 10710806, 10711174, 10711526, 10711894, 10712262, 10712630, 10712998, 10713350, 10713718, 10714070, 10714438, 10714790, 10715158, 10715510, 10715878, 21736135, 10718022, 10718374, 10718726, 10719078, 10719446, 10719798, 10720150, 10720502, 10720854, 10721206, 10721558, 10721894, 10722246, 10722598, 10722934, 10723286, 10723622, 10723974, 10724310, 10724662, 10724998, 10725334, 10725686, 10726022, 10726358, 10726710, 10727046, 10727382, 10727718, 10728054, 10728390, 10728726, 10729062, 10729398, 10729734, 10730070, 10730390, 10730726, 10731062, 10731398, 10731718, 10732054, 10732390, 10732710, 10733046, 10733366, 10733718]"
0,67,meta-llama/Llama-3.2-1B-Instruct,519,106,0,24314378530,24314378530,23120979643,23142715778,11158692,"[10718022, 10718374, 10718726, 10719078, 10719446, 10719798, 10720150, 10720502, 10720854, 10721206, 10721558, 10721894, 10722246, 10722598, 10722934, 10723286, 10723622, 10723974, 10724310, 10724662, 10724998, 10725334, 10725686, 10726022, 10726358, 10726710, 10727046, 10727382, 10727718, 10728054, 10728390, 10728726, 10729062, 10729398, 10729734, 10730070, 10730390, 10730726, 10731062, 10731398, 10731718, 10732054, 10732390, 10732710, 10733046, 10733366, 10733718, 50548784, 10818678, 10818886, 10819110, 10819318, 10819526, 10819734, 10819942, 10820134, 10820342, 10820566, 10820774, 10820982, 10821190, 10821398, 10821606, 10821814, 10822006, 10822214, 10822422, 10822630, 10822838, 10823046, 10823254, 10823462, 10823670, 10823862, 10824054, 10824262, 10824470, 10824678, 10824886, 10825094, 10825286, 10825494, 10825702, 10825894, 10826086, 10826294, 10826502, 10826710, 10826902, 10827110, 10827318, 10827510, 10827718, 10827910, 10828102, 10828310, 10828502, 10828710, 10828918, 10829110, 10829318, 10829510, 10829702, 10829894, 10830102]"
0,68,meta-llama/Llama-3.2-1B-Instruct,1314,73,0,24514768954,24514768954,23646836284,23697385068,11352553,"[10818678, 10818886, 10819110, 10819318, 10819526, 10819734, 10819942, 10820134, 10820342, 10820566, 10820774, 10820982, 10821190, 10821398, 10821606, 10821814, 10822006, 10822214, 10822422, 10822630, 10822838, 10823046, 10823254, 10823462, 10823670, 10823862, 10824054, 10824262, 10824470, 10824678, 10824886, 10825094, 10825286, 10825494, 10825702, 10825894, 10826086, 10826294, 10826502, 10826710, 10826902, 10827110, 10827318, 10827510, 10827718, 10827910, 10828102, 10828310, 10828502, 10828710, 10828918, 10829110, 10829318, 10829510, 10829702, 10829894, 10830102, 47344244, 10929750, 10930070, 10930406, 10930726, 10931046, 10931382, 10931702, 10932038, 10932358, 10932694, 10933014, 10933334, 10933670, 10933990]"
0,69,meta-llama/Llama-3.2-1B-Instruct,1182,64,0,25111733424,25111733424,24314378530,24361722774,11904930,"[10929750, 10930070, 10930406, 10930726, 10931046, 10931382, 10931702, 10932038, 10932358, 10932694, 10933014, 10933334, 10933670, 10933990, 68846902, 10995910, 10996214, 10996486, 10996774, 10997046, 10997334, 10997606, 10997878, 10998166, 10998438, 10998726, 10998998, 10999270, 10999558, 10999830, 11000102, 11000390, 11000662, 11000934, 11001222, 11001494, 11001766, 11002038, 11002342, 11002614, 11002886, 11003158, 11003430, 11003718, 11003990, 11004262, 11004534, 11004806, 11005078, 11005350, 11005638, 11005910, 11006182, 11006454, 11006726, 11006998, 11007270, 11007542, 11007814, 11008086, 11008374, 11008646, 11008918]"
0,70,meta-llama/Llama-3.2-1B-Instruct,1800,125,0,25976204458,25976204458,24514768954,24583615856,11230553,"[10995910, 10996214, 10996486, 10996774, 10997046, 10997334, 10997606, 10997878, 10998166, 10998438, 10998726, 10998998, 10999270, 10999558, 10999830, 11000102, 11000390, 11000662, 11000934, 11001222, 11001494, 11001766, 11002038, 11002342, 11002614, 11002886, 11003158, 11003430, 11003718, 11003990, 11004262, 11004534, 11004806, 11005078, 11005350, 11005638, 11005910, 11006182, 11006454, 11006726, 11006998, 11007270, 11007542, 11007814, 11008086, 11008374, 11008646, 11008918, 40038968, 10981878, 10982166, 10982454, 10982742, 10983030, 10983318, 10983606, 10983894, 10984182, 10984470, 10984758, 10985046, 10985334, 10985638, 10985926, 10986214, 10986486, 10986774, 10987062, 10987350, 10987638, 10987926, 10988198, 10988486, 10988774, 10989062, 10989350, 10989622, 10989910, 10990198, 10990502, 10990774, 10991062, 10991350, 10991622, 10991910, 10992198, 10992470, 10992758, 10993030, 10993318, 10993606, 10993878, 10994166, 10994438, 10994726, 10994998, 10995302, 10995574, 10995862, 10996134, 10996422, 10996694, 10996982, 10997254, 10997526, 10997814, 10998086, 10998374, 10998646, 10998918, 10999206, 10999478, 10999750, 11000054, 11000326, 11000598, 11000886, 11001158, 11001430, 11001702, 11001990, 11002262, 11002534, 11002806]"
0,71,meta-llama/Llama-3.2-1B-Instruct,1052,82,0,26056719456,26056719456,25111733424,25151772392,11172185,"[10981878, 10982166, 10982454, 10982742, 10983030, 10983318, 10983606, 10983894, 10984182, 10984470, 10984758, 10985046, 10985334, 10985638, 10985926, 10986214, 10986486, 10986774, 10987062, 10987350, 10987638, 10987926, 10988198, 10988486, 10988774, 10989062, 10989350, 10989622, 10989910, 10990198, 10990502, 10990774, 10991062, 10991350, 10991622, 10991910, 10992198, 10992470, 10992758, 10993030, 10993318, 10993606, 10993878, 10994166, 10994438, 10994726, 10994998, 10995302, 10995574, 10995862, 10996134, 10996422, 10996694, 10996982, 10997254, 10997526, 10997814, 10998086, 10998374, 10998646, 10998918, 10999206, 10999478, 10999750, 11000054, 11000326, 11000598, 11000886, 11001158, 11001430, 11001702, 11001990, 11002262, 11002534, 11002806, 26471832, 10808198, 10808406, 10808630, 10808854, 10809078]"
0,72,meta-llama/Llama-3.2-1B-Instruct,649,77,0,26849668879,26849668879,25976204458,26002676290,11144639,"[10808198, 10808406, 10808630, 10808854, 10809078, 37056699, 10790198, 10790438, 10790678, 10790934, 10791174, 10791430, 10791686, 10791926, 10792166, 10792406, 10792646, 10792902, 10793142, 10793382, 10793622, 10793862, 10794102, 10794342, 10794582, 10794822, 10795062, 10795302, 10795542, 10795782, 10796022, 10796262, 10796502, 10796742, 10796982, 10797222, 10797446, 10797702, 10797942, 10798182, 10798422, 10798646, 10798886, 10799126, 10799366, 10799590, 10799830, 10800054, 10800294, 10800534, 10800758, 10800998, 10801222, 10801462, 10801686, 10801926, 10802150, 10802390, 10802614, 10802854, 10803078, 10803318, 10803542, 10803766, 10804006, 10804246, 10804470, 10804694, 10804918, 10805142, 10805382, 10805606, 10805814, 10806038, 10806262, 10806502]"
0,73,meta-llama/Llama-3.2-1B-Instruct,964,108,0,27266421742,27266421742,26056719456,26093776155,10959304,"[10790198, 10790438, 10790678, 10790934, 10791174, 10791430, 10791686, 10791926, 10792166, 10792406, 10792646, 10792902, 10793142, 10793382, 10793622, 10793862, 10794102, 10794342, 10794582, 10794822, 10795062, 10795302, 10795542, 10795782, 10796022, 10796262, 10796502, 10796742, 10796982, 10797222, 10797446, 10797702, 10797942, 10798182, 10798422, 10798646, 10798886, 10799126, 10799366, 10799590, 10799830, 10800054, 10800294, 10800534, 10800758, 10800998, 10801222, 10801462, 10801686, 10801926, 10802150, 10802390, 10802614, 10802854, 10803078, 10803318, 10803542, 10803766, 10804006, 10804246, 10804470, 10804694, 10804918, 10805142, 10805382, 10805606, 10805814, 10806038, 10806262, 10806502, 27711671, 10802774, 10802982, 10803222, 10803446, 10803670, 10803910, 10804118, 10804342, 10804582, 10804806, 10805030, 10805270, 10805478, 10805702, 10805926, 10806150, 10806390, 10806614, 10806822, 10807046, 10807270, 10807494, 10807718, 10807942, 10808150, 10808374, 10808598, 10808822, 10809046, 10809270, 10809478, 10809702, 10809926, 10810150, 10810374, 10810598]"
0,74,meta-llama/Llama-3.2-1B-Instruct,690,77,0,27719199724,27719199724,26849668879,26877380550,11076568,"[10802774, 10802982, 10803222, 10803446, 10803670, 10803910, 10804118, 10804342, 10804582, 10804806, 10805030, 10805270, 10805478, 10805702, 10805926, 10806150, 10806390, 10806614, 10806822, 10807046, 10807270, 10807494, 10807718, 10807942, 10808150, 10808374, 10808598, 10808822, 10809046, 10809270, 10809478, 10809702, 10809926, 10810150, 10810374, 10810598, 31789396, 10789958, 10790198, 10790454, 10790694, 10790934, 10791190, 10791430, 10791670, 10791926, 10792182, 10792422, 10792662, 10792902, 10793158, 10793398, 10793638, 10793878, 10794118, 10794358, 10794598, 10794838, 10795078, 10795318, 10795558, 10795798, 10796038, 10796278, 10796518, 10796758, 10796998, 10797238, 10797478, 10797702, 10797942, 10798182, 10798422, 10798662, 10798886, 10799126]"
0,75,meta-llama/Llama-3.2-1B-Instruct,887,46,0,27789814538,27789814538,27266421742,27298211138,10924520,"[10789958, 10790198, 10790454, 10790694, 10790934, 10791190, 10791430, 10791670, 10791926, 10792182, 10792422, 10792662, 10792902, 10793158, 10793398, 10793638, 10793878, 10794118, 10794358, 10794598, 10794838, 10795078, 10795318, 10795558, 10795798, 10796038, 10796278, 10796518, 10796758, 10796998, 10797238, 10797478, 10797702, 10797942, 10798182, 10798422, 10798662, 10798886, 10799126, 16903200, 10741702, 10742006, 10742326, 10742630, 10742950]"
0,76,meta-llama/Llama-3.2-1B-Instruct,346,45,0,28279311651,28279311651,27719199724,27736102924,12345652,"[10741702, 10742006, 10742326, 10742630, 10742950, 75346485, 10892134, 10892502, 10892854, 10893206, 10893558, 10893926, 10894278, 10894646, 10894998, 10895350, 10895702, 10896054, 10896406, 10896758, 10897126, 10897478, 10897830, 10898182, 10898534, 10898886, 10899238, 10899606, 10899958, 10900310, 10900662, 10901014, 10901350, 10901702, 10902070, 10902422, 10902758, 10903110, 10903462, 10903814, 10904150, 10904518, 10904870, 10905206]"
0,77,meta-llama/Llama-3.2-1B-Instruct,2001,68,0,28598077041,28598077041,27789814538,27865161023,10939045,"[10892134, 10892502, 10892854, 10893206, 10893558, 10893926, 10894278, 10894646, 10894998, 10895350, 10895702, 10896054, 10896406, 10896758, 10897126, 10897478, 10897830, 10898182, 10898534, 10898886, 10899238, 10899606, 10899958, 10900310, 10900662, 10901014, 10901350, 10901702, 10902070, 10902422, 10902758, 10903110, 10903462, 10903814, 10904150, 10904518, 10904870, 10905206, 14262022, 10870086, 10870454, 10870822, 10871222, 10871590, 10871974, 10872342, 10872710, 10873094, 10873462, 10873830, 10874198, 10874582, 10874950, 10875318, 10875686, 10876054, 10876422, 10876790, 10877174, 10877542, 10877910, 10878278, 10878646, 10879014, 10879382, 10879734, 10880102]"
0,78,meta-llama/Llama-3.2-1B-Instruct,194,64,0,29046326730,29046326730,28279311651,28293573673,11948461,"[10870086, 10870454, 10870822, 10871222, 10871590, 10871974, 10872342, 10872710, 10873094, 10873462, 10873830, 10874198, 10874582, 10874950, 10875318, 10875686, 10876054, 10876422, 10876790, 10877174, 10877542, 10877910, 10878278, 10878646, 10879014, 10879382, 10879734, 10880102, 78182285, 10878326, 10878694, 10879062, 10879430, 10879782, 10880150, 10880518, 10880886, 10881254, 10881622, 10881990, 10882342, 10882710, 10883078, 10883446, 10883798, 10884166, 10884534, 10884902, 10885254, 10885622, 10885974, 10886342, 10886710, 10887062, 10887430, 10887782, 10888150, 10888502, 10888854, 10889222, 10889574, 10889942, 10890294]"
0,79,meta-llama/Llama-3.2-1B-Instruct,2055,54,0,29266973519,29266973519,28598077041,28676259326,11145550,"[10878326, 10878694, 10879062, 10879430, 10879782, 10880150, 10880518, 10880886, 10881254, 10881622, 10881990, 10882342, 10882710, 10883078, 10883446, 10883798, 10884166, 10884534, 10884902, 10885254, 10885622, 10885974, 10886342, 10886710, 10887062, 10887430, 10887782, 10888150, 10888502, 10888854, 10889222, 10889574, 10889942, 10890294, 23690569, 10939318, 10939638, 10939958, 10940278, 10940598, 10940902, 10941222, 10941542, 10941862, 10942182, 10942486, 10942806, 10943126, 10943446, 10943734, 10944054, 10944374, 10944694]"
0,80,meta-llama/Llama-3.2-1B-Instruct,540,106,0,30247812633,30247812633,29046326730,29070017299,11217098,"[10939318, 10939638, 10939958, 10940278, 10940598, 10940902, 10941222, 10941542, 10941862, 10942182, 10942486, 10942806, 10943126, 10943446, 10943734, 10944054, 10944374, 10944694, 49945654, 10815542, 10815750, 10815974, 10816182, 10816406, 10816598, 10816806, 10817030, 10817238, 10817446, 10817670, 10817878, 10818086, 10818310, 10818518, 10818710, 10818918, 10819142, 10819350, 10819558, 10819766, 10819974, 10820182, 10820390, 10820598, 10820806, 10821014, 10821222, 10821430, 10821638, 10821846, 10822054, 10822262, 10822454, 10822662, 10822870, 10823078, 10823286, 10823494, 10823702, 10823894, 10824102, 10824294, 10824502, 10824710, 10824918, 10825126, 10825318, 10825526, 10825734, 10825942, 10826134, 10826326, 10826534, 10826742, 10826934, 10827142, 10827350, 10827542, 10827750, 10827958, 10828134, 10828342, 10828534, 10828742, 10828950, 10829142, 10829350, 10829542, 10829750, 10829926, 10830134, 10830326, 10830534, 10830726, 10830934, 10831126, 10831318, 10831526, 10831718, 10831910, 10832102, 10832294, 10832502, 10832694, 10832886]"
0,81,meta-llama/Llama-3.2-1B-Instruct,1292,125,0,30677708217,30677708217,29266973519,29316919173,10974105,"[10815542, 10815750, 10815974, 10816182, 10816406, 10816598, 10816806, 10817030, 10817238, 10817446, 10817670, 10817878, 10818086, 10818310, 10818518, 10818710, 10818918, 10819142, 10819350, 10819558, 10819766, 10819974, 10820182, 10820390, 10820598, 10820806, 10821014, 10821222, 10821430, 10821638, 10821846, 10822054, 10822262, 10822454, 10822662, 10822870, 10823078, 10823286, 10823494, 10823702, 10823894, 10824102, 10824294, 10824502, 10824710, 10824918, 10825126, 10825318, 10825526, 10825734, 10825942, 10826134, 10826326, 10826534, 10826742, 10826934, 10827142, 10827350, 10827542, 10827750, 10827958, 10828134, 10828342, 10828534, 10828742, 10828950, 10829142, 10829350, 10829542, 10829750, 10829926, 10830134, 10830326, 10830534, 10830726, 10830934, 10831126, 10831318, 10831526, 10831718, 10831910, 10832102, 10832294, 10832502, 10832694, 10832886, 28302290, 10846758, 10847142, 10847542, 10847942, 10848342, 10848742, 10849142, 10849526, 10849942, 10850342, 10850742, 10851126, 10851526, 10851926, 10852310, 10852710, 10853094, 10853494, 10853910, 10854294, 10854678, 10855078, 10855462, 10855862, 10856246, 10856646, 10857030, 10857414, 10857814, 10858198, 10858598, 10858982, 10859366, 10859766, 10860150, 10860534, 10860918]"
0,82,meta-llama/Llama-3.2-1B-Instruct,723,81,0,31172686511,31172686511,30247812633,30276114923,11207144,"[10846758, 10847142, 10847542, 10847942, 10848342, 10848742, 10849142, 10849526, 10849942, 10850342, 10850742, 10851126, 10851526, 10851926, 10852310, 10852710, 10853094, 10853494, 10853910, 10854294, 10854678, 10855078, 10855462, 10855862, 10856246, 10856646, 10857030, 10857414, 10857814, 10858198, 10858598, 10858982, 10859366, 10859766, 10860150, 10860534, 10860918, 40505914, 10816486, 10816694, 10816886, 10817110, 10817318, 10817542, 10817750, 10817958, 10818166, 10818374, 10818582, 10818806, 10819014, 10819222, 10819430, 10819638, 10819846, 10820054, 10820278, 10820486, 10820678, 10820886, 10821094, 10821302, 10821510, 10821734, 10821926, 10822134, 10822342, 10822550, 10822758, 10822966, 10823158, 10823366, 10823574, 10823782, 10823990, 10824198, 10824390, 10824598, 10824806, 10824998]"
0,83,meta-llama/Llama-3.2-1B-Instruct,1087,80,0,31655168767,31655168767,30677708217,30718214131,11860185,"[10816486, 10816694, 10816886, 10817110, 10817318, 10817542, 10817750, 10817958, 10818166, 10818374, 10818582, 10818806, 10819014, 10819222, 10819430, 10819638, 10819846, 10820054, 10820278, 10820486, 10820678, 10820886, 10821094, 10821302, 10821510, 10821734, 10821926, 10822134, 10822342, 10822550, 10822758, 10822966, 10823158, 10823366, 10823574, 10823782, 10823990, 10824198, 10824390, 10824598, 10824806, 10824998, 84783512, 11042870, 11043126, 11043366, 11043622, 11043862, 11044118, 11044358, 11044614, 11044870, 11045094, 11045350, 11045590, 11045846, 11046086, 11046342, 11046582, 11046822, 11047078, 11047318, 11047574, 11047798, 11048054, 11048294, 11048534, 11048790, 11049030, 11049286, 11049526, 11049766, 11050022, 11050262, 11050486, 11050742, 11050982, 11051222, 11051462]"
0,84,meta-llama/Llama-3.2-1B-Instruct,2230,53,0,31843697557,31843697557,31172686511,31257470023,11273606,"[11042870, 11043126, 11043366, 11043622, 11043862, 11044118, 11044358, 11044614, 11044870, 11045094, 11045350, 11045590, 11045846, 11046086, 11046342, 11046582, 11046822, 11047078, 11047318, 11047574, 11047798, 11048054, 11048294, 11048534, 11048790, 11049030, 11049286, 11049526, 11049766, 11050022, 11050262, 11050486, 11050742, 11050982, 11051222, 11051462, 23968012, 10968646, 10968950, 10969238, 10969542, 10969830, 10970134, 10970422, 10970726, 10971014, 10971302, 10971606, 10971894, 10972198, 10972486, 10972790]"
0,85,meta-llama/Llama-3.2-1B-Instruct,557,79,0,32526892171,32526892171,31655168767,31679136779,10868658,"[10968646, 10968950, 10969238, 10969542, 10969830, 10970134, 10970422, 10970726, 10971014, 10971302, 10971606, 10971894, 10972198, 10972486, 10972790, 19347666, 10697430, 10697622, 10697814, 10697990, 10698182, 10698374, 10698566, 10698758, 10698950, 10699126, 10699318, 10699702, 10700086, 10700470, 10700854, 10701254, 10701638, 10702022, 10702406, 10702790, 10703174, 10703558, 10703942, 10704310, 10704694, 10705078, 10705446, 10705830, 10706198, 10706582, 10706950, 10707318, 10707702, 10708070, 10708438, 10708806, 10709190, 10709574, 10709942, 10710310, 10710678, 10711046, 10711398, 10711766, 10712134, 10712502, 10712870, 10713222, 10713590, 10713942, 10714310, 10714662, 10715030, 10715382, 10715750, 10716102, 10716454, 10716822, 10717174, 10717526, 10717878, 10718246]"
0,86,meta-llama/Llama-3.2-1B-Instruct,432,93,0,32887123735,32887123735,31843697557,31863045223,11131288,"[10697430, 10697622, 10697814, 10697990, 10698182, 10698374, 10698566, 10698758, 10698950, 10699126, 10699318, 10699702, 10700086, 10700470, 10700854, 10701254, 10701638, 10702022, 10702406, 10702790, 10703174, 10703558, 10703942, 10704310, 10704694, 10705078, 10705446, 10705830, 10706198, 10706582, 10706950, 10707318, 10707702, 10708070, 10708438, 10708806, 10709190, 10709574, 10709942, 10710310, 10710678, 10711046, 10711398, 10711766, 10712134, 10712502, 10712870, 10713222, 10713590, 10713942, 10714310, 10714662, 10715030, 10715382, 10715750, 10716102, 10716454, 10716822, 10717174, 10717526, 10717878, 10718246, 47061230, 10795718, 10795942, 10796182, 10796406, 10796646, 10796886, 10797126, 10797366, 10797590, 10797814, 10798054, 10798294, 10798518, 10798758, 10798982, 10799222, 10799462, 10799686, 10799910, 10800134, 10800374, 10800598, 10800838, 10801062, 10801302, 10801526, 10801750, 10801974, 10802214]"
0,87,meta-llama/Llama-3.2-1B-Instruct,1178,61,0,33231670576,33231670576,32526892171,32573953401,10961952,"[10795718, 10795942, 10796182, 10796406, 10796646, 10796886, 10797126, 10797366, 10797590, 10797814, 10798054, 10798294, 10798518, 10798758, 10798982, 10799222, 10799462, 10799686, 10799910, 10800134, 10800374, 10800598, 10800838, 10801062, 10801302, 10801526, 10801750, 10801974, 10802214, 20458981, 10799606, 10799846, 10800070, 10800310, 10800534, 10800758, 10800982, 10801222, 10801446, 10801686, 10801910, 10802150, 10802374, 10802598, 10802822, 10803046, 10803270, 10803510, 10803734, 10803958, 10804198, 10804422, 10804646, 10804854, 10805078, 10805318, 10805542, 10805766, 10805990, 10806214]"
0,89,meta-llama/Llama-3.2-1B-Instruct,736,58,0,33872687535,33872687535,33231670576,33259935801,10750030,"[10741462, 10741766, 10742086, 10742406, 10742710, 10743030, 10743334, 10743670, 10743974, 10744278, 10744598, 10744902, 10745206, 10745526, 10745830, 10746134, 10746438, 10746742, 10747046, 10747366, 10747670, 10747974, 10748278, 10748582, 10748886, 10749174, 10749478, 10749782, 10750086, 10750390, 10750694, 10750982, 10751302, 10751606, 10751894, 10752198, 10752502, 10752790, 10753094, 10753382, 10753686, 10753974, 10754278, 10754566, 10754854, 10755158, 10755446, 10755734, 10756038, 10756326, 10756614, 10756902, 10757206, 10757494, 10757782, 10758070, 10758358]"
0,88,meta-llama/Llama-3.2-1B-Instruct,499,95,0,33951130527,33951130527,32887123735,32907582716,11101572,"[10799606, 10799846, 10800070, 10800310, 10800534, 10800758, 10800982, 10801222, 10801446, 10801686, 10801910, 10802150, 10802374, 10802598, 10802822, 10803046, 10803270, 10803510, 10803734, 10803958, 10804198, 10804422, 10804646, 10804854, 10805078, 10805318, 10805542, 10805766, 10805990, 10806214, 28265225, 10741462, 10741766, 10742086, 10742406, 10742710, 10743030, 10743334, 10743670, 10743974, 10744278, 10744598, 10744902, 10745206, 10745526, 10745830, 10746134, 10746438, 10746742, 10747046, 10747366, 10747670, 10747974, 10748278, 10748582, 10748886, 10749174, 10749478, 10749782, 10750086, 10750390, 10750694, 10750982, 10751302, 10751606, 10751894, 10752198, 10752502, 10752790, 10753094, 10753382, 10753686, 10753974, 10754278, 10754566, 10754854, 10755158, 10755446, 10755734, 10756038, 10756326, 10756614, 10756902, 10757206, 10757494, 10757782, 10758070, 10758358, 24765810, 10734790, 10735110, 10735430, 10735766, 10736086]"
0,90,meta-llama/Llama-3.2-1B-Instruct,634,13,0,34040190282,34040190282,33872687535,33897453345,11894744,"[10734790, 10735110, 10735430, 10735766, 10736086, 24611255, 10740630, 10740950, 10741254, 10741574, 10741894, 10742198]"
0,91,meta-llama/Llama-3.2-1B-Instruct,619,72,0,34760262221,34760262221,33951130527,33975741782,11049583,"[10740630, 10740950, 10741254, 10741574, 10741894, 10742198, 30564979, 10764966, 10765254, 10765542, 10765830, 10766102, 10766374, 10766662, 10766934, 10767206, 10767494, 10767766, 10768038, 10768310, 10768582, 10768854, 10769142, 10769414, 10769686, 10769958, 10770230, 10770502, 10770774, 10771046, 10771318, 10771590, 10771846, 10772118, 10772390, 10772662, 10772934, 10773206, 10773462, 10773734, 10774006, 10774262, 10774534, 10774806, 10775078, 10775350, 10775622, 10775878, 10776150, 10776406, 10776678, 10776934, 10777190, 10777462, 10777718, 10777990, 10778246, 10778502, 10778774, 10779030, 10779286, 10779542, 10779814, 10780070, 10780326, 10780582, 10780838, 10781094, 10781366, 10781622, 10781878]"
0,92,meta-llama/Llama-3.2-1B-Instruct,798,76,0,34884103674,34884103674,34040190282,34070755261,10844645,"[10764966, 10765254, 10765542, 10765830, 10766102, 10766374, 10766662, 10766934, 10767206, 10767494, 10767766, 10768038, 10768310, 10768582, 10768854, 10769142, 10769414, 10769686, 10769958, 10770230, 10770502, 10770774, 10771046, 10771318, 10771590, 10771846, 10772118, 10772390, 10772662, 10772934, 10773206, 10773462, 10773734, 10774006, 10774262, 10774534, 10774806, 10775078, 10775350, 10775622, 10775878, 10776150, 10776406, 10776678, 10776934, 10777190, 10777462, 10777718, 10777990, 10778246, 10778502, 10778774, 10779030, 10779286, 10779542, 10779814, 10780070, 10780326, 10780582, 10780838, 10781094, 10781366, 10781622, 10781878, 16589729, 10723638, 10723974, 10724310, 10724662, 10724998, 10725334, 10725686, 10726038, 10726374, 10726710]"
0,93,meta-llama/Llama-3.2-1B-Instruct,300,43,0,35253642750,35253642750,34760262221,34776851950,11352161,"[10723638, 10723974, 10724310, 10724662, 10724998, 10725334, 10725686, 10726038, 10726374, 10726710, 36530202, 10737494, 10737814, 10738134, 10738438, 10738758, 10739078, 10739398, 10739718, 10740022, 10740342, 10740678, 10740982, 10741302, 10741622, 10741926, 10742246, 10742550, 10742870, 10743174, 10743478, 10743814, 10744118, 10744422, 10744742, 10745046, 10745350, 10745654, 10745958, 10746262, 10746582, 10746902]"
0,94,meta-llama/Llama-3.2-1B-Instruct,936,89,0,35875591046,35875591046,34884103674,34920633876,10851786,"[10737494, 10737814, 10738134, 10738438, 10738758, 10739078, 10739398, 10739718, 10740022, 10740342, 10740678, 10740982, 10741302, 10741622, 10741926, 10742246, 10742550, 10742870, 10743174, 10743478, 10743814, 10744118, 10744422, 10744742, 10745046, 10745350, 10745654, 10745958, 10746262, 10746582, 10746902, 19096008, 10757430, 10757734, 10758022, 10758310, 10758598, 10758886, 10759174, 10759462, 10759750, 10760038, 10760310, 10760598, 10760886, 10761190, 10761462, 10761750, 10762038, 10762310, 10762598, 10762886, 10763158, 10763446, 10763718, 10764006, 10764278, 10764582, 10764854, 10765142, 10765414, 10765686, 10765974, 10766246, 10766518, 10766806, 10767078, 10767350, 10767622, 10767894, 10768166, 10768470, 10768742, 10769014, 10769286, 10769558, 10769830, 10770102, 10770374, 10770646, 10770918, 10771174, 10771446, 10771718, 10772006, 10772278, 10772550, 10772806]"
0,95,meta-llama/Llama-3.2-1B-Instruct,408,71,0,36046961235,36046961235,35253642750,35272738758,11060321,"[10757430, 10757734, 10758022, 10758310, 10758598, 10758886, 10759174, 10759462, 10759750, 10760038, 10760310, 10760598, 10760886, 10761190, 10761462, 10761750, 10762038, 10762310, 10762598, 10762886, 10763158, 10763446, 10763718, 10764006, 10764278, 10764582, 10764854, 10765142, 10765414, 10765686, 10765974, 10766246, 10766518, 10766806, 10767078, 10767350, 10767622, 10767894, 10768166, 10768470, 10768742, 10769014, 10769286, 10769558, 10769830, 10770102, 10770374, 10770646, 10770918, 10771174, 10771446, 10771718, 10772006, 10772278, 10772550, 10772806, 31569775, 10752102, 10752390, 10752694, 10752982, 10753286, 10753574, 10753894, 10754182, 10754470, 10754774, 10755062, 10755350, 10755654]"
0,97,meta-llama/Llama-3.2-1B-Instruct,819,53,0,36639803666,36639803666,36046961235,36077840010,10806993,"[10801158, 10801398, 10801622, 10801862, 10802086, 10802326, 10802550, 10802790, 10803014, 10803254, 10803478, 10803718, 10803942, 10804166, 10804406, 10804630, 10804854, 10805094, 10805318, 10805542, 10805782, 10806006, 10806230, 10806454, 10806678, 10806918, 10807142, 10807366, 10807590, 10807814, 10808038, 10808262, 10808486, 10808710, 10808934, 10809158, 10809382, 10809606, 10809830, 10810054, 10810278, 10810502, 10810726, 10810950, 10811174, 10811398, 10811606, 10811830, 10812054, 10812278, 10812502, 10812710]"
0,96,meta-llama/Llama-3.2-1B-Instruct,874,75,0,36745024012,36745024012,35875591046,35907160821,11322475,"[10752102, 10752390, 10752694, 10752982, 10753286, 10753574, 10753894, 10754182, 10754470, 10754774, 10755062, 10755350, 10755654, 30878775, 10801158, 10801398, 10801622, 10801862, 10802086, 10802326, 10802550, 10802790, 10803014, 10803254, 10803478, 10803718, 10803942, 10804166, 10804406, 10804630, 10804854, 10805094, 10805318, 10805542, 10805782, 10806006, 10806230, 10806454, 10806678, 10806918, 10807142, 10807366, 10807590, 10807814, 10808038, 10808262, 10808486, 10808710, 10808934, 10809158, 10809382, 10809606, 10809830, 10810054, 10810278, 10810502, 10810726, 10810950, 10811174, 10811398, 10811606, 10811830, 10812054, 10812278, 10812502, 10812710, 29600336, 10802166, 10802390, 10802630, 10802854, 10803094, 10803318, 10803558]"
0,98,meta-llama/Llama-3.2-1B-Instruct,775,59,0,37327290144,37327290144,36639803666,36669404002,11342864,"[10802166, 10802390, 10802630, 10802854, 10803094, 10803318, 10803558, 40961128, 10821094, 10821302, 10821510, 10821734, 10821926, 10822134, 10822342, 10822550, 10822758, 10822966, 10823158, 10823366, 10823574, 10823782, 10823990, 10824198, 10824390, 10824598, 10824806, 10824998, 10825206, 10825414, 10825606, 10825814, 10826022, 10826230, 10826422, 10826630, 10826822, 10827030, 10827222, 10827430, 10827638, 10827846, 10828038, 10828230, 10828438, 10828630, 10828838, 10829046, 10829238, 10829430, 10829622, 10829830, 10830038, 10830230, 10830438, 10830614, 10830822, 10831014]"
0,99,meta-llama/Llama-3.2-1B-Instruct,1109,61,0,37429855756,37429855756,36745024012,36785985140,10731176,"[10821094, 10821302, 10821510, 10821734, 10821926, 10822134, 10822342, 10822550, 10822758, 10822966, 10823158, 10823366, 10823574, 10823782, 10823990, 10824198, 10824390, 10824598, 10824806, 10824998, 10825206, 10825414, 10825606, 10825814, 10826022, 10826230, 10826422, 10826630, 10826822, 10827030, 10827222, 10827430, 10827638, 10827846, 10828038, 10828230, 10828438, 10828630, 10828838, 10829046, 10829238, 10829430, 10829622, 10829830, 10830038, 10830230, 10830438, 10830614, 10830822, 10831014, 10256022, 10256134, 10256262, 10256374, 10256502, 10256614, 10256742, 10256870, 10256982, 10257110]"
